福特 福克斯 2012款 三厢 1.6L 手动舒适型,3.38,6.63万公里,1.6L,手动
大众POLO 2016款 1.4L 自动风尚型,5.80,2.84万公里,1.4L,自动
现代ix35 2010款 2.0L 自动两驱新锐版GL,4.98,9.14万公里,2.0L,自动
福特 福克斯 2013款 两厢经典 1.8L 自动基本型,4.48,2.2万公里,1.8L,自动
丰田 YARiS L 致炫 2016款 改款 1.5E CVT魅动版,6.36,3.52万公里,1.5L,自动
哈弗H6 2013款 运动版 1.5T 手动两驱精英型,5.30,8.06万公里,1.5T,手动
大众 桑塔纳 2019款 1.5L 自动风尚版 国VI,6.88,0.74万公里,1.5L,自动
大众 2019款 宝来·传奇 1.5L 自动时尚型 国VI,7.58,2.46万公里,1.5L,自动
哈弗H5 2013款 智尊版 2.0T手动两驱精英型,4.35,5.2万公里,2.0T,手动
五十铃皮卡 2015款 3.0T四驱4KH1CT,10.70,3.62万公里,3.0T,手动
日产 骐达 2019款 1.6L CVT酷动版 国VI,9.90,0.74万公里,1.6L,自动
现代 瑞纳 2014款 1.4L 手动智能型GLS,3.48,5.65万公里,1.4L,手动
铃木 天语 SX4 2011款 两厢 1.6L 自动运动型,2.88,19.01万公里,1.6L,自动
福特 嘉年华 2011款 两厢 1.5L 自动时尚型,2.88,5.8万公里,1.5L,自动
福特 福克斯 2015款 三厢 EcoBoost 125 自动超能风尚型,6.98,7.57万公里,1.0T,自动
大众 捷达 2015款 质惠版 1.6L 手动时尚型,4.58,8.2万公里,1.6L,手动
大众 迈腾 2013款 1.8TSI 豪华型,10.28,14.97万公里,1.8T,自动
丰田 汉兰达 2015款 2.0T 四驱精英版 7座,23.50,4.71万公里,2.0T,自动
大众 速腾 2014款 1.6L 自动舒适型,7.30,7.43万公里,1.6L,自动
丰田 YARiS L 致享 2017款 1.5E CVT魅动版,7.28,4.58万公里,1.5L,自动
奔驰E级 2010款 E 200 CGI 优雅型(进口),12.60,15.14万公里,1.8T,自动
大众 迈腾 2015款 1.8TSI 尊贵型,11.80,8.3万公里,1.8T,自动
大众 途观 2015款 1.8TSI 自动四驱豪华型,12.68,7.1万公里,1.8T,自动
江淮 瑞风S3 2016款 1.5L 手动豪华智能尊享版,3.20,6.92万公里,1.5L,手动
大众POLO 2016款 1.6L 自动豪华型,6.80,4.19万公里,1.6L,自动
江淮 瑞风S3 2017款 1.6L 手动豪华智能型,3.78,2.91万公里,1.6L,手动
现代 名图 2014款 1.8L 自动智能型GLS,7.98,7.32万公里,1.8L,自动
奥迪A6L 2011款 2.0 TFSI 自动标准型,13.98,3.48万公里,2.0T,自动
福特 翼搏 2017款 1.5L 自动风尚型,6.80,4.08万公里,1.5L,自动
奥迪Q5 2011款 2.0TFSI 技术型,12.60,10.68万公里,2.0T,自动
大众 高尔夫 2012款 1.6 自动舒适型,5.85,6.79万公里,1.6L,自动
大众 朗逸 2015款 1.6L 自动风尚版,7.50,6.48万公里,1.6L,自动
大众 捷达 2015款 质惠版 1.6L 自动舒适型,6.35,3.49万公里,1.6L,自动
起亚 福瑞迪 2012款 1.6L AT GL 纪念版,4.38,5.14万公里,1.6L,自动
MINI Countryman 2011款 1.6L ONE,11.50,7.99万公里,1.6L,自动
哈弗H6 2012款 1.5T 手动两驱精英型,3.60,9.76万公里,1.5T,手动
大众 朗逸 2013款 改款经典 1.6L 自动舒适版,6.58,3.92万公里,1.6L,自动
现代ix35 2012款 2.0L 自动两驱精英版GLS,6.40,9.2万公里,2.0L,自动
纳智捷 U5 SUV 2017款 1.6L CVT骑士版,6.60,1.96万公里,1.6L,自动
Jeep 自由侠 2017款 180T 自动动能版+,8.80,0.84万公里,1.4T,自动
本田 雅阁 2011款 2.0L EX Navi,8.80,9.85万公里,2.0L,自动
别克GL8 2014款 2.4L 行政版,13.30,5万公里,2.4L,自动
福特 翼虎 2013款 2.0L GTDi 四驱尊贵型,8.80,9.57万公里,2.0T,自动
菲亚特 菲翔 2012款 1.4T 自动劲享版,4.80,5.05万公里,1.4T,自动
福特 探险者 2016款 2.3T 精英版(进口),27.58,6.18万公里,2.3T,自动
大众 帕萨特 2011款 1.8TSI DSG御尊版,7.80,16.4万公里,1.8T,自动
大众 朗逸 2017款 1.6L 自动舒适版,7.50,7.82万公里,1.6L,自动
别克GL8 2014款 2.4L 经典版,12.38,4.3万公里,2.4L,自动
五菱荣光V 2015款 1.5L实用型,2.86,2.26万公里,1.5L,手动
福特 福睿斯 2015款 1.5L 自动时尚型,5.90,9.95万公里,1.5L,自动
大众 途观 2016款 300TSI 自动两驱豪华版,12.99,6.23万公里,1.8T,自动
别克 威朗 2017款 三厢 15S 自动领先型,7.38,6.82万公里,1.5L,自动
三菱 欧蓝德EX劲界 2011款 劲界 2.0 都市版(进口),7.18,10.74万公里,2.0L,自动
大众 途安 2013款 1.4T 自动舒适版5座,7.30,7.23万公里,1.4T,自动
雪佛兰 科鲁兹 2015款 1.5L 经典 SE AT,5.78,7.08万公里,1.5L,自动
英菲尼迪QX50 2015款 2.5L 悦享版,21.50,4万公里,3.0L,自动
奔驰GLA级 2017款 GLA 200 动感型,18.58,3.12万公里,1.6T,自动
力帆 轩朗 2017款 2.0L CVT舒适型,5.08,4.86万公里,2.0L,自动
别克 昂科拉 2015款 1.4T 自动两驱都市精英型,6.20,7.86万公里,1.4T,自动
别克 英朗 2021款 改款 典范 1.5L 自动精英型,8.68,0.01万公里,1.5L,自动
大众 帕萨特 2014款 2.0TSI DSG御尊版,10.58,8.87万公里,2.0T,自动
现代ix35 2013款 2.0L 自动两驱舒适型GL 国IV,6.98,7.14万公里,2.0L,自动
本田 奥德赛 2013款 2.4L 豪华版,12.80,7万公里,2.4L,自动
宝马X1 2012款 sDrive18i 豪华型,10.40,6.27万公里,2.0L,自动
英菲尼迪QX50 2015款 2.5L 悦享版,19.58,4.79万公里,2.5L,自动
宝马5系 2014款 520Li 典雅型,20.00,11.76万公里,2.0T,自动
林肯MKX 2015款 2.0T 两驱尊享版,19.98,12.03万公里,2.0T,自动
起亚K3 2016款 1.6L 自动GL,6.20,5.81万公里,1.6L,自动
起亚K3 2015款 1.6L 自动GLS,6.58,4.9万公里,1.6L,自动
大众POLO 2018款 1.5L 自动安驾型,7.60,1.52万公里,1.5L,自动
长安CS35 2017款 1.6L 自动豪华型,6.50,2.8万公里,1.6L,自动
宝马5系 2011款 520Li 典雅型,15.80,11.93万公里,2.5L,自动
奔腾X40 2019款 1.6L 自动豪华型 国V,5.58,4.03万公里,1.6L,自动
大众 朗逸 2011款 1.4TSI 手动品轩版,4.00,16.94万公里,1.4T,手动
别克 英朗 2013款 GT 1.6L 自动舒适版,4.48,12.78万公里,1.6L,自动
哈弗H2 2014款 1.5T 手动两驱尊贵版,4.85,4.89万公里,1.5T,手动
丰田 RAV4 2009款 2.0L 自动豪华版,6.60,14.98万公里,2.0L,自动
大众 宝来 2013款 1.6L 自动时尚型,5.30,8.68万公里,1.6L,自动
福特 蒙迪欧 2013款 2.0L GTDi200豪华型,9.18,6.88万公里,2.0T,自动
奥迪Q3 2015款 35 TFSI quattro 豪华型,16.10,6.64万公里,2.0T,自动
丰田 凯美瑞 2019款 改款 双擎 2.5HG 豪华版,23.88,0.01万公里,2.5L,自动
本田XR-V 2020款 220 TURBO CVT豪华版,14.50,0.02万公里,1.5T,自动
大众POLO 2009款 劲情 1.4L 手动时尚版,1.95,10.6万公里,1.4L,手动
起亚K3 2016款 1.6L 手动GLS,5.88,7.45万公里,1.6L,手动
海马 福美来 2014款 M5 1.6L 手动时尚型,2.30,6.91万公里,1.6L,手动
起亚KX5 2016款 1.6T 自动两驱Premium,9.08,5.9万公里,1.6T,自动
现代 名图 2014款 1.8L 自动尊贵型DLX,8.18,6.11万公里,1.8L,自动
日产 阳光 2011款 1.5XE 手动舒适版,3.00,10.23万公里,1.5L,手动
北汽幻速H2 2015款 1.5L AMT尊贵型BJ415C,2.50,4.81万公里,1.5L,自动
现代 朗动 2015款 1.6L 自动领先型,6.30,7.05万公里,1.6L,自动
大众 途安 2011款 1.4T 自动智雅版5座,7.60,7.72万公里,1.4T,自动
别克 君威 2015款 1.6T 精英技术型,9.88,7.53万公里,1.6T,自动
众泰T300 2017款 1.5L 手动尊享型,3.20,3.61万公里,1.5L,手动
马自达6 2013款 2.0L 自动时尚型,5.90,5.61万公里,2.0L,自动
哈弗H2 2016款 红标 1.5T 手动两驱豪华型,5.04,5.57万公里,1.5T,手动
奔驰GLA级 2016款 GLA 200 时尚型,18.58,3.72万公里,1.6T,自动
本田XR-V 2017款 1.8L EXi CVT舒适版,12.28,1.98万公里,1.8L,自动
大众 途锐 2011款 3.0TSI 标配型(进口),17.88,9.24万公里,3.0T,自动
起亚 新佳乐 2011款 2.0L 7座自动标准版(进口),3.98,17.15万公里,2.0L,自动
大众CC 2010款 2.0TSI 豪华型,8.60,15.67万公里,2.0T,自动
长安CS35 2014款 1.6L 手动豪华型 国IV,3.88,8万公里,1.6L,手动
日产 逍客 2012款 2.0XL 火 CVT 2WD,7.70,4.96万公里,2.0L,自动
比亚迪 速锐 2012款 1.5TI 手动豪华型,2.55,13.67万公里,1.5T,手动
别克 英朗 2018款 18T 自动精英型,6.98,5.24万公里,1.3T,自动
斯柯达 明锐 2015款 经典款 1.6L 自动逸致版,6.60,4.13万公里,1.6L,自动
长安CX20 2014款 1.4L 手动运动版 国IV,2.30,4.24万公里,1.4L,手动
福特 福克斯 2012款 三厢 1.6L 自动风尚型,4.88,11.56万公里,1.6L,自动
现代 索纳塔八 2011款 2.0L 自动尊贵版,5.05,13.31万公里,2.0L,自动
宝骏 乐驰 2012款 改款 1.2L 手动运动版活力型,2.48,0.3万公里,1.2L,手动
宝马3系 2014款 320i 时尚型,15.88,6.98万公里,2.0T,自动
宝马3系 2010款 318i 领先型,7.50,11.88万公里,2.0L,自动
丰田 汉兰达 2015款 2.0T 四驱豪华版 7座,24.80,5.5万公里,2.0T,自动
凯迪拉克XTS 2016款 28T 精英型,17.58,8.41万公里,2.0T,自动
日产 逍客 2016款 2.0L CVT豪华版,10.58,7.17万公里,2.0L,自动
大众 途观 2013款 2.0TSI 自动四驱旗舰版,12.80,9.56万公里,2.0T,自动
大众CC 2016款 1.8TSI 豪华型,17.80,4.73万公里,1.8T,自动
奥迪Q5 2013款 40 TFSI 技术型,16.99,13.77万公里,2.0T,自动
本田 飞度 2016款 1.5L LX CVT舒适型,7.28,4.52万公里,1.5L,自动
丰田 凯美瑞 2012款 骏瑞 2.0S 耀动版,9.38,9.32万公里,2.0L,自动
大众 宝来 2014款 1.4TSI 手动舒适型,6.60,5.15万公里,1.4T,手动
丰田C-HR 2018款 2.0L 领先天窗版 国V,13.80,0.85万公里,2.0L,自动
众泰SR9 2017款 2.0T 自动极致之光版,5.19,6万公里,2.0T,自动
丰田 汉兰达 2015款 2.0T 四驱豪华版 7座,27.50,8.08万公里,2.0T,自动
三菱 劲炫ASX 2013款 2.0L CVT四驱尊贵版,7.10,14.09万公里,2.0L,自动
奔驰C级 2013款 C 260 CGI 优雅型,13.50,14.19万公里,1.8T,自动
哈弗H6 2011款 2.0L 手动两驱精英型,3.60,4.79万公里,2.0L,手动
大众 朗逸 2011款 1.6L 自动品雅版,4.28,5.47万公里,1.6L,自动
宝马3系 2011款 320i 豪华型,8.78,14.77万公里,2.0L,自动
本田 锋范 2018款 1.5L CVT舒适版,6.98,1.83万公里,1.5L,自动
雷诺 卡缤 2015款 1.2T 自动标准版(进口),5.88,5.67万公里,1.2T,自动
凯迪拉克ATS 2014款 28T 舒适型(进口),12.98,10.21万公里,2.0T,自动
别克 君越 2016款 20T 精英型,14.68,4.31万公里,1.5T,自动
大众 朗逸 2015款 230TSI 手动舒适版,6.38,5.67万公里,1.4T,手动
福特 翼虎 2015款 2.0L GTDi 四驱尊贵型,12.03,8.22万公里,2.0T,自动
宝马X1 2012款 sDrive18i 时尚型,10.80,9.2万公里,2.0L,自动
大众 宝来 2014款 1.6L 自动舒适型,6.30,1.54万公里,1.6L,自动
宝马3系 2013款 320Li 时尚型,15.50,7.39万公里,2.0T,自动
斯柯达 昕锐 2013款 1.6L 手动智选型,4.26,8.18万公里,1.6L,手动
标致408 2011款 2.0L 自动舒适版,3.88,10.94万公里,2.0L,自动
标致308 2014款 乐享版 经典 1.6L 自动优尚型,5.30,9.92万公里,1.6L,自动
启辰R50X 2015款 1.6L 自动潮流版,5.28,2.3万公里,1.6L,自动
英菲尼迪QX50 2015款 2.5L 悦享版,18.50,6.59万公里,2.5L,自动
丰田 凯美瑞 2013款 200E 经典精英版,9.20,8.08万公里,2.0L,自动
斯柯达 速派 2016款 TSI280 DSG创行版,10.68,7.03万公里,1.4T,自动
大众 途观 2012款 1.8TSI 自动四驱风尚版,8.68,17.67万公里,1.8T,自动
福特 福克斯 2009款 两厢 1.8L 手动舒适型,2.70,8.85万公里,1.8L,手动
福特 蒙迪欧 2013款 2.0L GTDi200豪华型,9.00,7.9万公里,2.0T,自动
别克 英朗 2016款 15N 自动豪华型,6.50,4.75万公里,1.5L,自动
丰田 威驰FS 2017款 1.5L CVT锋驰版,6.28,4.81万公里,1.5L,自动
起亚K3 2013款 1.6L 自动DLX,5.58,8.05万公里,1.6L,自动
日产 轩逸 2014款 1.6XV CVT尊享版,7.59,6.82万公里,1.6L,自动
本田 歌诗图 2012款 2.4L 豪华版,8.80,13.33万公里,2.4L,自动
大众 朗逸 2011款 1.6L 自动品悠版,4.68,9.53万公里,1.6L,自动
奥迪A5 2010款 2.0TFSI Coupe(进口),12.18,6.98万公里,2.0T,自动
现代 悦动 2008款 1.6L AT GLS,3.18,16.57万公里,1.6L,自动
奥迪Q7 2010款 3.6 FSI quattro 豪华型(进口),19.80,19.25万公里,3.6L,自动
东风风行 景逸XV 2015款 1.6L CVT豪华型,3.78,4.39万公里,1.6L,自动
起亚 智跑 2012款 2.0L 自动两驱版GL,5.80,7.39万公里,2.0L,自动
现代 全新胜达 2015款 2.4L 自动四驱智能型 5座,11.90,7.44万公里,2.4L,自动
福特 福克斯 2011款 三厢 1.8L 自动时尚型,3.29,7.96万公里,1.8L,自动
丰田 卡罗拉 2018款 1.2T S-CVT GL智享版,9.98,3.1万公里,1.2T,自动
起亚K3 2016款 1.6L 自动GL,6.28,3.72万公里,1.6L,自动
福特 福睿斯 2017款 幸福版 1.5L 自动时尚型,6.20,4.19万公里,1.5L,自动
哈弗H6 2018款 蓝标 运动版 1.5T 自动两驱精英型,8.88,3.21万公里,1.5T,自动
大众 捷达 2015款 质惠版 1.4L 手动时尚型,4.60,6.15万公里,1.4L,手动
大众 帕萨特 2015款 1.8TSI DSG尊荣版,11.30,7.11万公里,1.8T,自动
大众 朗逸 2013款 改款经典 1.6L 自动风尚版,5.80,9.44万公里,1.6L,自动
本田XR-V 2017款 1.8L EXi CVT舒适版,11.38,3.24万公里,1.8L,自动
传祺GS4 2015款 200T G-DCT豪华版,6.30,12.27万公里,1.3T,自动
纳智捷 优6 SUV 2014款 1.8T 时尚型,5.90,7.51万公里,1.8T,自动
标致408 2013款 2.0L 自动舒适版,5.48,10.2万公里,2.0L,自动
现代 领动 2016款 1.6L 自动智炫·精英型,7.88,4.2万公里,1.6L,自动
丰田 凯美瑞 2018款 2.5HG 豪华版,20.28,1.81万公里,2.5L,自动
大众 朗逸 2015款 1.6L 自动风尚版,7.50,6.16万公里,1.6L,自动
大众POLO 2016款 1.4L 自动风尚型,5.90,3.49万公里,1.4L,自动
大众 捷达 2017款 1.5L 自动时尚型,6.84,0.84万公里,1.5L,自动
奥迪A3 2012款 Sportback 1.4T 豪华型(进口),7.98,8.66万公里,1.4T,自动
日产 轩逸 2012款 1.6XE CVT舒适版,4.98,7.08万公里,1.6L,自动
比亚迪S7 2016款 2.0T 自动尊贵型Plus,6.80,5.58万公里,2.0T,自动
长城C30 2012款 1.5L 手动豪华型,2.08,8.63万公里,1.5L,手动
丰田 卡罗拉 2017款 改款 1.6L S-CVT GL,9.18,4.08万公里,1.6L,自动
马自达CX-3 2018款 2.0L 自动尊贵型(进口),11.38,2.05万公里,2.0L,自动
福特 蒙迪欧-致胜 2011款 2.0L GTDi200时尚型,6.20,7.83万公里,2.0T,自动
江淮 瑞风S3 2014款 1.5L 手动豪华型,2.98,7.35万公里,1.5L,手动
菲亚特 菲翔 2012款 1.4T 自动悦享版,3.98,8.66万公里,1.4T,自动
马自达 阿特兹 2015款 2.5L 蓝天尊崇版,12.98,10.07万公里,2.5L,自动
福特 福克斯 2018款 两厢经典 1.6L 自动风尚型智行版,7.78,1.14万公里,1.6L,自动
江淮 瑞风S3 2016款 1.5L 手动豪华智能型,3.48,5.31万公里,1.5L,手动
丰田 汉兰达 2015款 2.0T 四驱豪华版 7座,25.50,6.63万公里,2.0T,自动
福特 经典全顺 2013款 2.8T柴油普通型短轴中顶JX493ZLQ4,6.60,13.11万公里,2.8T,手动
别克 英朗 2013款 GT 1.6L 自动时尚版,4.80,12.29万公里,1.6L,自动
福特 福克斯 2013款 两厢经典 1.8L 自动基本型,5.20,3.17万公里,1.8L,自动
标致3008 2015款 1.6THP 自动经典版,6.40,14.75万公里,1.6T,自动
丰田 雷凌 2019款 185T CVT豪华版 国VI,11.00,2.11万公里,1.2T,自动
雪铁龙C4L 2013款 1.6L 手动劲智版,4.88,5.2万公里,1.6L,手动
奔驰B级 2012款 B 200(进口),13.50,8.74万公里,1.6T,自动
大众 帕萨特 2014款 1.8TSI DSG尊荣版,9.78,13.38万公里,1.8T,自动
大众POLO 2013款 1.4L 手动风尚版,3.70,14.11万公里,1.4L,手动
别克GL8 2014款 2.4L 经典版,10.80,7.84万公里,2.4L,自动
比亚迪F3 2012款 节能版 1.5L 手动舒适型,2.50,1.66万公里,1.5L,手动
别克 凯越 2015款 1.5L 自动经典型,3.98,5.86万公里,1.5L,自动
福特 福克斯 2012款 两厢 1.6L 自动风尚型,5.90,7.37万公里,1.6L,自动
纳智捷 优6 SUV 2015款 1.8T 时尚型,5.30,6.11万公里,1.8T,自动
丰田 威驰 2014款 1.3L 自动型尚版,5.78,4.51万公里,1.3L,自动
起亚KX CROSS 2017款 1.4L AT GLS,6.68,6.67万公里,1.4L,自动
雪佛兰 科鲁兹 2009款 1.8L SE AT,2.88,16.07万公里,1.8L,自动
DS 6 2014款 1.6T 豪华版THP200,9.00,8.3万公里,1.6T,自动
福特 福睿斯 2015款 1.5L 手动舒适型,5.28,9.41万公里,1.5L,手动
大众 桑塔纳 2013款 1.4L 手动风尚版,3.58,6.02万公里,1.4L,手动
现代ix25 2015款 1.6L 自动两驱时尚型GS,7.80,6.63万公里,1.6L,自动
起亚K2 2015款 三厢 1.4L AT GLS,4.80,6.47万公里,1.4L,自动
大众 捷达 2015款 质惠版 1.6L 手动舒适型,5.20,7.12万公里,1.6L,手动
丰田 汉兰达 2009款 2.7L 两驱7座豪华版,12.80,14.06万公里,2.7L,自动
福特 福睿斯 2015款 1.5L 自动时尚型,6.70,4.09万公里,1.5L,自动
日产 逍客 2012款 2.0XL 火 CVT 2WD,6.85,5.27万公里,2.0L,自动
MG 锐行 2016款 1.5L 自动超值豪华版,5.38,3.08万公里,1.5L,自动
斯柯达 速派 2016款 TSI280 DSG前行版,10.60,1.41万公里,1.4T,自动
宝马X1 2012款 sDrive18i 时尚型,8.60,11.49万公里,2.0L,自动
福特 蒙迪欧 2013款 2.0L GTDi200时尚型,9.28,8.62万公里,2.0T,自动
众泰T600 2014款 1.5T 手动尊贵型,3.00,9.6万公里,1.5T,手动
日产 天籁 2008款 2.5L XL领先版,6.68,15.87万公里,2.5L,自动
现代 领动 2016款 1.6L 自动智炫·精英型,7.58,4万公里,1.6L,自动
别克 英朗 2014款 XT 1.6L 自动时尚版,5.50,5.53万公里,1.6L,自动
大众 途观 2016款 300TSI 自动两驱风尚版,12.50,8.34万公里,1.8T,自动
福特 蒙迪欧 2013款 2.0L GTDi200时尚型,9.98,7.75万公里,2.0T,自动
奔驰GLK级 2012款 GLK 300 4MATIC 时尚型,14.80,12.3万公里,3.0L,自动
宝马5系 2014款 525Li 领先型,25.68,11.01万公里,2.0T,自动
大众 帕萨特 2013款 1.8TSI DSG至尊版,9.60,12.47万公里,1.8T,自动
福特 福克斯 2011款 两厢 1.8L 自动时尚型,3.76,6.69万公里,1.8L,自动
长城C30 2012款 1.5L 手动舒适型,1.68,8.31万公里,1.5L,手动
本田CR-V 2010款 2.0L 自动两驱都市版,6.38,16.52万公里,2.0L,自动
别克 昂科威 2015款 20T 两驱精英型,10.88,8.48万公里,1.5T,自动
大众 甲壳虫 2010款 1.6 AT(进口),6.80,10.01万公里,1.6L,自动
别克 君威 2015款 2.0L 精英时尚型,8.28,8.69万公里,2.0L,自动
斯柯达 晶锐 2012款 1.4L 自动晶致版,3.88,8.82万公里,1.4L,自动
现代ix35 2012款 2.0L 自动两驱精英版GLS,6.68,12.51万公里,2.0L,自动
别克 阅朗 2018款 18T 自动旗舰型,8.58,2万公里,1.3T,自动
马自达 睿翼 2011款 2.0L 自动精英版,6.00,9.66万公里,2.0L,自动
林肯MKC 2016款 2.0T 两驱尊享版,15.98,9.68万公里,2.0T,自动
大众 速腾 2014款 1.4TSI 自动豪华型,6.80,7.57万公里,1.4T,自动
奥迪Q3 2020款 Sportback 45 TFSI quattro,31.38,0.29万公里,2.0T,自动
奔驰R级 2011款 R 300 L 商务型(进口),24.60,13.62万公里,3.0L,自动
福特 锐界 2012款 2.0T 尊锐型(进口),14.68,6.31万公里,2.0T,自动
英菲尼迪QX50 2015款 2.5L 悦享版,23.80,1.2万公里,2.5L,自动
2020款 别克英朗 1.3T 自动 （公司定制版）,7.88,0.01万公里,1.3L,自动
丰田 皇冠 2018款 2.0T 时尚版,24.80,4.5万公里,2.0T,自动
雪铁龙 世嘉 2010款 两厢 1.6L 自动尚乐版,2.30,15.99万公里,1.6L,自动
大众 宝来 2015款 质惠版 1.6L 自动舒适型,7.20,3.69万公里,1.6L,自动
斯柯达 晶锐 2012款 1.6L 自动晶享版,4.60,0.39万公里,1.6L,自动
丰田 汉兰达 2015款 2.0T 四驱豪华版 7座,26.80,5.49万公里,2.0T,自动
福特 福克斯 2013款 三厢经典 1.8L 手动基本型,4.30,1.91万公里,1.8L,手动
奔驰GLA级 2015款 GLA 200 动感型,15.98,5.82万公里,1.6T,自动
哈弗H6 2015款 升级版 1.5T 手动两驱精英型,5.10,6.54万公里,1.5T,手动
斯柯达 明锐 2013款 1.6L 手动逸致版,3.58,11.31万公里,1.6L,手动
起亚 狮跑 2013款 2.0L 手动两驱版GL,4.38,7.84万公里,2.0L,手动
大众 桑塔纳 2015款 1.6L 自动舒适版,5.20,3.38万公里,1.6L,自动
大众 高尔夫 2014款 1.4TSI 自动豪华型,8.60,9万公里,1.4T,自动
日产 纳瓦拉 2017款 2.5L自动两驱豪华版QR25,12.20,2.02万公里,2.5L,自动
奔驰GLA级 2015款 GLA 200 时尚型,16.58,4.84万公里,1.6T,自动
奥迪A6L 2014款 TFSI 标准型,19.50,14.53万公里,2.0T,自动
雪铁龙C4L 2014款 1.8L 智驱版 自动劲智型,5.80,6.27万公里,1.8L,自动
雪佛兰 迈锐宝XL 2018款 530T 自动锐逸版,10.80,4.68万公里,1.5T,自动
大众 辉腾 2011款 3.6L V6 5座加长Indivspecidual版(进口),19.60,15.6万公里,3.6L,自动
福特 福克斯 2012款 两厢 1.6L 自动风尚型,6.58,3.05万公里,1.6L,自动
丰田 雷凌 2014款 1.6G CVT精英版,7.60,6.84万公里,1.6L,自动
斯柯达 晶锐 2011款 1.6L 自动酷黑版,3.20,11.72万公里,1.6L,自动
雪佛兰 科鲁兹 2012款 1.6L SE MT,2.98,10.51万公里,1.6L,手动
本田 思域 2016款 220TURBO CVT豪华版,10.80,4.69万公里,1.5T,自动
长安 逸动 2016款 1.6L 自动风尚型,4.98,3.21万公里,1.6L,自动
日产 天籁 2016款 2.0L XL舒适版,13.20,6.65万公里,2.0L,自动
大众 途观 2013款 1.8TSI 自动两驱豪华型,9.68,15.21万公里,1.8T,自动
标致3008 2013款 1.6THP 自动潮流版,6.80,7.54万公里,1.6T,自动
福特 翼搏 2013款 1.5L 自动尊贵型,6.50,3.22万公里,1.5L,自动
丰田 卡罗拉 2009款 1.6L 自动GL天窗特别版,4.80,8.65万公里,1.6L,自动
菲亚特 菲翔 2012款 1.4T 自动劲享版,5.50,7.28万公里,1.4T,自动
本田 缤智 2015款 1.5L CVT两驱舒适型,9.88,6.46万公里,1.5L,自动
雪佛兰 科鲁兹 2013款 1.6L SL MT,4.00,7.62万公里,1.6L,手动
福特 嘉年华 2013款 两厢 1.5L 自动时尚型,4.42,8.9万公里,1.5L,自动
雪佛兰 科鲁兹 2015款 1.5L 经典 SE MT,5.18,5.72万公里,1.5L,手动
斯柯达 速派 2016款 TSI330 DSG创行版,10.86,6.05万公里,1.8T,自动
现代 途胜 2015款 1.6T 双离合两驱智能型,11.80,6.16万公里,1.6T,自动
大众 辉腾 2011款 3.6L V6 5座加长舒适版(进口),17.99,14.7万公里,3.6L,自动
长安CS35 2012款 1.6L 手动豪华型 国IV,2.75,13.38万公里,1.6L,手动
奇瑞 风云2 2013款 两厢 1.5L 手动锐意版,1.80,8.7万公里,1.5L,手动
长城C50 2012款 1.5T 手动精英型,2.99,8.86万公里,1.5T,手动
丰田 卡罗拉 2017款 1.2T CVT GL,8.88,6.21万公里,1.2T,自动
大众POLO 2016款 1.4L 手动风尚型,4.70,5.19万公里,1.4L,手动
雪佛兰 迈锐宝 2014款 1.6T 自动舒适版,7.30,7.08万公里,1.6T,自动
大众 速腾 2009款 1.6L 自动时尚型,3.56,11.02万公里,1.6L,自动
马自达3 2010款 1.6L 手动经典时尚型,2.90,11.16万公里,1.6L,手动
英菲尼迪ESQ 2014款 1.6L 率性版(进口),9.90,9.27万公里,1.6L,自动
哈弗H2 2017款 蓝标 1.5T 自动两驱豪华型,6.43,3.8万公里,1.5T,自动
奔驰C级 2011款 C 180K 经典型,10.30,8.34万公里,1.6T,自动
别克GL8 2014款 2.4L 经典版,8.38,10.58万公里,2.4L,自动
福特 锐界 2015款 2.7T GTDi 四驱运动型 7座,21.98,7.4万公里,2.7T,自动
哈弗H1 2016款 红标 1.5L AMT舒适型,4.28,6.33万公里,1.5L,自动
吉利 博越 2016款 1.8TD 自动智尚型,8.00,3.95万公里,1.8T,自动
大众 迈腾 2015款 1.8TSI 领先型,11.60,8.5万公里,1.8T,自动
别克GL8 2013款 3.0L XT豪华商务旗舰版,13.90,13.81万公里,3.0L,自动
哈弗H1 2016款 改款 蓝标 1.5L 手动豪华型,3.48,5.39万公里,1.5L,手动
宝马1系 2016款 118i 领先型(进口),14.80,7.18万公里,1.5T,自动
长安CS35 2015款 1.6L 手动豪华型 国IV,4.10,5.1万公里,1.6L,手动
MG7 2009款 1.8T 自动舒适版,3.50,10.64万公里,1.8T,自动
宝马X1 2010款 sDrive18i豪华型(进口),7.95,10.34万公里,2.0L,自动
起亚K3 2015款 1.6L 手动GLS,4.80,5.56万公里,1.6L,手动
雪佛兰 科鲁兹 2009款 1.6L SL AT,1.98,12.62万公里,1.6L,自动
别克 英朗 2015款 15N 自动豪华型,6.30,6.53万公里,1.5L,自动
大众POLO 2016款 1.4L 自动风尚型,6.58,1.99万公里,1.4L,自动
别克GL8 2014款 2.4L 经典版,9.60,8.62万公里,2.4L,自动
福特 福克斯 2012款 两厢 1.6L 自动风尚型,5.88,8.22万公里,1.6L,自动
奥迪Q5 2016款 40 TFSI 进取型,23.80,11.12万公里,2.0T,自动
奔腾B50 2013款 1.6L 手动豪华型,4.68,5.22万公里,1.6L,手动
奇瑞 瑞虎3 2015款 1.6L CVT风尚运动版,3.68,5.27万公里,1.6L,自动
现代 名图 2016款 1.8L 自动智能型GLS,9.58,3.97万公里,1.8L,自动
众泰T600 Coupe 2017款 1.5T 自动尊享型,5.80,2.58万公里,1.5T,自动
大众 桑塔纳 2013款 1.6L 自动风尚版,4.33,7.53万公里,1.6L,自动
传祺GS4 2015款 200T G-DCT豪华版,6.50,11.47万公里,1.3T,自动
雪佛兰 科帕奇 2014款 2.4L 四驱旗舰版 7座,6.90,8.61万公里,2.4L,自动
大众 途观 2012款 1.8TSI 手动两驱进享版,7.50,12.43万公里,1.8T,手动
Jeep 自由光 2016款 2.4L 专业版智能包,11.62,5.07万公里,2.4L,自动
起亚K2 2017款 三厢 1.4L AT GLS,5.50,3.14万公里,1.4L,自动
大众 迈腾 2009款 1.8TSI DSG豪华型,4.56,11.04万公里,1.8T,自动
大众 途安 2013款 1.4T 自动舒适版5座,7.90,5.59万公里,1.4T,自动
雪佛兰 景程 2008款 2.0 SE自动舒适型,2.60,10.47万公里,2.0L,自动
江淮 瑞风S2 2015款 1.5L CVT豪华型,3.68,5.51万公里,1.5L,自动
奥迪A4L 2016款 45 TFSI quattro个性运动型,18.80,6.34万公里,2.0T,自动
英菲尼迪Q50L 2018款 2.0T 舒适版 国V,20.80,0.43万公里,2.0T,自动
丰田 威驰FS 2017款 1.5L CVT锋驰版,6.88,4.7万公里,1.5L,自动
别克 君越 2016款 20T 精英型,14.20,7.55万公里,1.5T,自动
日产 轩逸 2016款 1.6XL CVT豪华版,7.70,3.09万公里,1.6L,自动
大众 朗行 2013款 1.6L 自动舒适型,7.28,5.1万公里,1.6L,自动
别克 君威 2012款 2.4L SIDI旗舰版,7.50,9.54万公里,2.4L,自动
现代 名图 2014款 1.8L 自动智能型GLS,6.80,9.82万公里,1.8L,自动
起亚K2 2017款 三厢 1.4L AT GLS,5.80,3.84万公里,1.4L,自动
福特 福克斯 2012款 三厢 1.6L 自动风尚型,4.68,9.82万公里,1.6L,自动
大众 途观 2016款 300TSI 自动两驱风尚版,11.11,5.2万公里,1.8T,自动
长安 逸动 2016款 1.6L 自动俊酷型,5.68,4.15万公里,1.6L,自动
别克 君威 2010款 2.4L 精英版,4.78,9.13万公里,2.4L,自动
别克GL8 2013款 3.0L GT豪华商务豪雅版,16.80,7.06万公里,3.0L,自动
大众 速腾 2017款 180TSI 自动臻享版,9.68,3.65万公里,1.2T,自动
日产 蓝鸟 2016款 1.6L CVT炫酷版,8.18,6.24万公里,1.6L,自动
宝马X1 2012款 sDrive18i 豪华型,9.98,9.35万公里,2.0L,自动
起亚K2 2017款 三厢 1.4L AT 15周年特别版GLS,5.93,3.12万公里,1.4L,自动
大众 速腾 2012款 1.6L 自动舒适型,5.55,8.23万公里,1.6L,自动
奥迪A3 2012款 Sportback 1.4T 舒适型(进口),8.00,9.27万公里,1.4T,自动
大众 高尔夫 2016款 1.6L 自动舒适型,9.30,4.9万公里,1.6L,自动
别克 昂科拉 2015款 1.4T 自动两驱都市精英型,6.20,5.89万公里,1.4T,自动
日产 骐达 2011款 1.6L CVT智能型,5.30,7.94万公里,1.6L,自动
大众 途观 2015款 1.8TSI 自动四驱舒适版,12.68,4.7万公里,1.8T,自动
日产 奇骏 2017款 2.5L CVT领先版 4WD,17.98,2.72万公里,2.5L,自动
日产 天籁 2013款 2.5L XL-NAVI Tech智享版,9.60,18.46万公里,2.5L,自动
丰田 RAV4 2018款 2.5L 自动四驱精英i版,19.68,4.43万公里,2.5L,自动
大众 速腾 2012款 1.4TSI 手动豪华型,5.58,9.02万公里,1.4T,手动
丰田 威驰 2008款 1.6L GL-i 特别纪念版 AT,3.98,12.3万公里,1.6L,自动
现代ix35 2013款 2.0L 自动两驱智能型GLS 国IV,7.18,8.8万公里,2.0L,自动
奔驰A级 2011款 A 160(进口),5.00,5.39万公里,1.5L,自动
哈弗H6 2014款 运动版 1.5T 手动两驱精英型,3.88,13.37万公里,1.5T,手动
福特 福克斯 2015款 两厢 1.6L 自动舒适型,5.80,9.91万公里,1.6L,自动
别克 昂科拉 2015款 1.4T 自动两驱都市领先型,6.90,7.7万公里,1.4T,自动
DS 5LS 2014款 1.6T 雅致版THP160,7.00,7.51万公里,1.6T,自动
MG6 2010款 掀背 1.8L 手动贺岁版,2.48,12.67万公里,1.8L,手动
别克 英朗 2014款 XT 1.6L 自动时尚版,5.78,5.37万公里,1.6L,自动
传祺GS5 Super 2015款 2.0L 手动两驱精英版,6.58,4.22万公里,2.0L,手动
大众 途观 2010款 1.8TSI 自动四驱风尚版,7.15,13.7万公里,1.8T,自动
日产 奇骏 2012款 2.5L CVT豪华版 4WD,8.66,19.15万公里,2.5L,自动
长安 逸动 2012款 1.6L 手动豪华型 国IV,2.70,16.52万公里,1.6L,手动
本田 飞度 2018款 1.5L CVT舒适版,7.60,2.64万公里,1.5L,自动
福特 野马 2019款 2.3L EcoBoost(进口),33.50,1.6万公里,2.3T,自动
英菲尼迪QX50 2015款 2.5L 舒适版,20.80,5万公里,2.5L,自动
标致408 2010款 1.6L 自动舒适版,3.55,7万公里,1.6L,自动
雪佛兰 科沃兹 2019款 320 自动欣悦版,5.90,2.54万公里,1.5L,自动
大众 朗逸 2013款 1.4TSI DSG舒适版,5.88,16.33万公里,1.4T,自动
东风风光330 2014款 1.2L手动实用型DK12-07,2.28,0.62万公里,1.2L,手动
奔驰A级 2013款 A 200 都市型(进口),13.30,8.5万公里,1.6T,自动
别克 昂科威 2016款 20T 两驱精英型,10.80,9.3万公里,1.5T,自动
奥迪Q5 2011款 2.0TFSI 技术型,12.70,12.53万公里,2.0T,自动
本田 缤智 2015款 1.8L 手动两驱精英型,8.18,3.96万公里,1.8L,手动
别克 君越 2012款 2.4L SIDI雅致版,6.90,4.15万公里,2.4L,自动
福特 蒙迪欧 2013款 1.5L GTDi180时尚型,9.28,7.15万公里,1.5T,自动
大众 朗行 2013款 1.6L 自动风尚型,5.98,6.11万公里,1.6L,自动
大众 高尔夫 2012款 1.4TSI 自动舒适型,6.68,9.53万公里,1.4T,自动
日产 逍客 2010款 20S火 CVT 2WD,6.19,9.8万公里,2.0L,自动
丰田 汉兰达 2015款 2.0T 四驱至尊版 7座,29.30,3.1万公里,2.0T,自动
宝马5系 2014款 520Li 典雅型,23.30,17.75万公里,2.0T,自动
福特 福睿斯 2017款 改款 1.5L 自动舒适型,6.60,6.19万公里,1.5L,自动
斯柯达 速派 2016款 TSI280 DSG前行版,9.88,6.48万公里,1.4T,自动
本田 凌派 2016款 1.8L CVT舒适版,8.06,6.52万公里,1.8L,自动
福特 翼搏 2017款 1.5L 自动风尚型,6.28,2.03万公里,1.5L,自动
大众CC 2015款 1.8TSI 豪华型,15.29,7.01万公里,1.8T,自动
大众 朗逸 2017款 1.6L 自动风尚版,7.50,6.46万公里,1.6L,自动
马自达6 2011款 2.0L 自动时尚型,5.20,3.79万公里,2.0L,自动
大众 捷达 2017款 1.5L 自动时尚型,6.42,3.34万公里,1.5L,自动
福特 翼虎 2017款 EcoBoost 180 两驱精翼型,10.51,2.33万公里,1.5T,自动
宝马X1 2012款 xDrive20i 豪华型,9.40,10.67万公里,2.0T,自动
福特 翼虎 2013款 1.6L GTDi 两驱舒适型,7.98,11.34万公里,1.6T,自动
丰田 YARiS L 致炫 2016款 改款 1.5E CVT魅动版,6.98,2.61万公里,1.5L,自动
雪佛兰 迈锐宝 2013款 1.6T 自动舒适版,6.38,12.11万公里,1.6T,自动
MG5 2012款 1.5L 手动精英版,2.65,7.93万公里,1.5L,手动
日产 轩逸 2016款 1.6XV CVT智享版,8.48,3.52万公里,1.6L,自动
日产 轩逸 2021款 经典 1.6XE CVT舒适版,10.58,0.01万公里,1.6L,自动
福特 探险者 2016款 2.3T 精英版(进口),26.80,7.28万公里,2.3T,自动
大众 宝来 2008款 2.0L 自动舒适型,3.50,10.32万公里,2.0L,自动
斯柯达 昕动 2014款 1.6L 自动悦享版,5.38,5.72万公里,1.6L,自动
福特 福睿斯 2015款 1.5L 手动时尚型,4.40,5.55万公里,1.5L,手动
福特 福克斯 2012款 两厢 1.6L 自动风尚型,5.28,7.24万公里,1.6L,自动
本田 飞度 2016款 1.5L LX 手动舒适型,6.58,0.88万公里,1.5L,手动
福特 福睿斯 2015款 1.5L 自动舒适型,5.68,4.87万公里,1.5L,自动
日产 骐达 2019款 1.6L CVT智行版 国VI,9.90,1.21万公里,1.6L,自动
福特 嘉年华 2009款 两厢 1.5L 手动时尚型,2.13,8.37万公里,1.5L,手动
雪铁龙C5 2012款 2.3L 自动尊贵型,5.68,8.28万公里,2.3L,自动
大众 宝来 2016款 1.6L 手动时尚型,5.80,3.85万公里,1.6L,手动
丰田 汉兰达 2011款 2.7L 两驱7座豪华版,10.80,15.21万公里,2.7L,自动
宝马5系 2013款 525Li 豪华型,19.58,13.86万公里,2.0T,自动
起亚K2 2015款 三厢 1.4L MT GLS,4.50,5.51万公里,1.4L,手动
日产 奇骏 2014款 2.5L CVT豪华版 4WD,12.76,11.62万公里,2.5L,自动
长安CS75 2014款 1.8T 自动精英型 国IV,6.50,4.88万公里,1.8T,自动
福特 蒙迪欧 2013款 1.5L GTDi180时尚型,8.50,13.55万公里,1.5T,自动
本田XR-V 2020款 1.5L CVT舒适版,13.48,0.12万公里,1.5L,自动
吉利 博越 2016款 1.8TD 自动智尊型,7.88,4.43万公里,1.8T,自动
MG 3SW 2015款 1.5L AMT精英型,4.60,1.14万公里,1.5L,自动
铃木 天语 SX4 2016款 1.6L 自动经典版,6.28,1.57万公里,1.6L,自动
别克 昂科威 2016款 20T 两驱精英型,11.79,7.34万公里,1.5T,自动
长城 炫丽 2011款 CROSS 1.3L AMT,1.60,7.22万公里,1.3L,自动
宝马3系 2016款 320Li 时尚型,18.50,6.21万公里,2.0T,自动
标致2008 2014款 1.6L 自动时尚版,5.36,10.94万公里,1.6L,自动
奥迪A6L 2014款 TFSI 标准型,19.00,15.16万公里,2.0T,自动
现代ix25 2015款 1.6L 自动两驱智能型GLS,8.20,4.56万公里,1.6L,自动
宝马X1 2010款 sDrive18i豪华型(进口),8.50,14.8万公里,2.0L,自动
大众 朗逸 2013款 改款经典 1.6L 自动舒适版,7.60,9.64万公里,1.6L,自动
别克GL8 2013款 2.4L 经典版,8.10,9.14万公里,2.4L,自动
日产 奇骏 2014款 2.0L CVT舒适版 2WD,11.98,5.09万公里,2.0L,自动
丰田 卡罗拉 2017款 改款双擎 1.8L E-CVT精英版,10.50,4.84万公里,1.8L,自动
众泰T600 2015款 2.0T 自动豪华型,4.68,8.98万公里,2.0T,自动
Jeep 指南者 2014款 2.4L 四驱运动版(进口),7.60,6.06万公里,2.4L,自动
吉利 博越 2016款 1.8TD 自动智尊型,8.20,7.34万公里,1.8T,自动
凯迪拉克CT6 2016款 28T 领先型,26.50,4.8万公里,3.0T,自动
别克 威朗 2015款 三厢 15S 自动领先型,7.58,4.55万公里,1.5L,自动
雪佛兰 迈锐宝 2014款 2.0L 自动豪华版,8.12,7.12万公里,2.0L,自动
英菲尼迪QX50 2015款 2.5L 悦享版,20.80,2.54万公里,2.5L,自动
雪佛兰 迈锐宝 2013款 1.6T 自动舒适版,5.56,9.5万公里,1.6T,自动
众泰T600 2015款 1.5T 手动豪华型,3.30,5.34万公里,1.5T,手动
大众POLO 2016款 1.4L 自动风尚型,6.10,2.9万公里,1.4L,自动
别克 君威 2015款 1.6T 领先技术型,8.80,6.85万公里,1.6T,自动
大众POLO 2011款 1.6L 自动致尚版,4.18,9.31万公里,1.6L,自动
奥迪S3 2017款 改款 S3 2.0T Limousine(进口),32.80,2.2万公里,2.0T,自动
大众 高尔夫 2011款 1.4TSI 自动豪华型,5.30,6.87万公里,1.4T,自动
别克 英朗 2013款 GT 1.6L 自动时尚版,4.38,13.72万公里,1.6L,自动
奔驰E级 2015款 改款 E 260 L 运动型,25.99,8.19万公里,2.0T,自动
比亚迪F3 2015款 节能版 1.5L 手动豪华型,2.50,5.6万公里,1.5L,手动
福特 蒙迪欧 2013款 1.5L GTDi180时尚型,9.90,6.95万公里,1.5T,自动
丰田 卡罗拉双擎E+ 2020款 1.8L 舒适版,15.80,0.35万公里,1.8L,自动
大众 凌渡 2015款 330TSI DSG舒适版,8.98,4.4万公里,1.8T,自动
福特 福克斯 2012款 两厢经典 1.8L 手动时尚型,3.30,8.46万公里,1.8L,手动
丰田 汉兰达 2009款 2.7L 两驱7座豪华版,12.98,13.66万公里,2.7L,自动
长城M4 2012款 1.5L 手动舒适型,2.35,7.63万公里,1.5L,手动
现代 途胜 2015款 1.6T 双离合两驱智能型,9.60,13.98万公里,1.6T,自动
本田 飞度 2016款 1.5L LXS CVT舒适天窗版,6.68,5.97万公里,1.5L,自动
斯巴鲁XV 2012款 2.0i 精英版,8.18,10.85万公里,2.0L,自动
奔驰GLK级 2011款 GLK 300 4MATIC 时尚型(进口),12.78,12.08万公里,3.0L,自动
别克 君威 2015款 1.6T 精英技术型,10.28,6.13万公里,1.6T,自动
现代ix35 2012款 2.0L 自动两驱新锐版GL,6.18,7.38万公里,2.0L,自动
长安 奔奔 2015款 1.4L IMT尊贵型 国IV,3.40,1.66万公里,1.4L,自动
马自达 阿特兹 2014款 2.0L 蓝天豪华版,10.88,5.64万公里,2.0L,自动
本田 竞瑞 2017款 1.5L CVT经典版,7.98,2.42万公里,1.5L,自动
本田 飞度 2014款 1.5L LX CVT舒适型,5.98,4.5万公里,1.5L,自动
奥迪Q5 2013款 40 TFSI 技术型,19.38,11.07万公里,2.0T,自动
奔驰M级 2010款 ML 300 4MATIC(进口),18.90,5.1万公里,3.0L,自动
标致3008 2013款 1.6THP 罗兰·加洛斯版,6.38,10.59万公里,1.6T,自动
大众 桑塔纳 2018款 1.5L 手动风尚版,4.90,2.63万公里,1.5L,手动
哈弗H6 2017款 红标 运动版 1.5T 自动两驱豪华型,6.88,4.78万公里,1.5T,自动
日产 奇骏 2019款 2.5L CVT智联领先版 4WD,18.98,2.9万公里,2.5L,自动
宝马3系 2012款 318i领先型(进口),9.88,9.92万公里,2.0L,自动
福特 福睿斯 2015款 1.5L 自动舒适型,5.48,6.52万公里,1.5L,自动
荣威550 2010款 550S 1.8L 自动启臻贺岁版,3.00,10.05万公里,1.8L,自动
大众POLO 2011款 1.6L 自动致酷版,4.00,11.55万公里,1.6L,自动
斯柯达Yeti 2016款 1.4TSI DSG前行版,8.90,0.93万公里,1.4T,自动
起亚KX3 2015款 1.6L 自动两驱DLX,7.40,4.84万公里,1.6L,自动
斯柯达 明锐 2012款 1.6L 自动逸杰版,4.20,12.88万公里,1.6L,自动
别克 凯越 2008款 1.6LE-AT,2.55,9.81万公里,1.6L,自动
现代 名图 2014款 1.8L 自动智能型GLS,7.69,6.5万公里,1.8L,自动
别克 君越 2013款 2.4L SIDI领先舒适型,8.88,8.96万公里,2.4L,自动
奥迪A1 2012款 1.4 TFSI Ego(进口),8.08,6.95万公里,1.4T,自动
雪佛兰 科鲁兹 2013款 1.8L SE AT,4.60,11万公里,1.8L,自动
雪佛兰 迈锐宝 2014款 2.0L 自动豪华版,7.30,11.36万公里,2.0L,自动
奔驰GLA级 2016款 GLA 200 动感型,16.80,3.55万公里,1.6T,自动
奔驰R级 2011款 R 300 L 商务型(进口),20.80,15.2万公里,3.0L,自动
日产 蓝鸟 2016款 1.6L CVT智酷版,8.85,2.52万公里,1.6L,自动
福特 福克斯 2012款 三厢 1.6L 自动风尚型,3.95,10.62万公里,1.6L,自动
别克 君越 2012款 2.4L SIDI豪雅版,6.58,5.26万公里,2.4L,自动
福特 福睿斯 2015款 1.5L 自动时尚型,6.80,4.31万公里,1.5L,自动
大众 凌渡 2015款 280TSI DSG舒适版,11.28,5.42万公里,1.4T,自动
别克 英朗 2015款 15N 自动进取型,5.40,8.6万公里,1.5L,自动
日产 颐达 2009款 1.6L 自动科技版,4.00,14.3万公里,1.6L,自动
本田XR-V 2015款 1.8L VTi CVT豪华版,11.70,1.76万公里,1.8L,自动
大众POLO 2011款 1.4L 手动致尚版,2.70,7.83万公里,1.4L,手动
大众POLO 2014款 1.6L 自动舒适版,5.68,3.88万公里,1.6L,自动
大众 桑塔纳 2015款 1.6L 手动风尚版,5.86,1.89万公里,1.6L,手动
大众POLO 2011款 1.6L 自动致酷版,4.50,8.55万公里,1.6L,自动
宝马3系 2010款 318i 领先型,7.48,12.35万公里,2.0L,自动
大众POLO 2018款 1.5L 自动安享型,7.60,2.47万公里,1.5L,自动
现代ix25 2015款 1.6L 自动两驱智能型GLS,7.28,8.31万公里,1.6L,自动
大众 桑塔纳 2016款 1.6L 手动舒适版,6.30,3.95万公里,1.6L,手动
现代 悦动 2008款 1.6L MT GL,1.55,12.96万公里,1.6L,手动
丰田 威驰 2017款 1.5L CVT创行版,6.15,5.72万公里,1.5L,自动
奔驰E级 2011款 E 260 L CGI时尚型,14.28,8.82万公里,1.8T,自动
别克 君越 2012款 2.4L SIDI雅致版,7.38,13.97万公里,2.4L,自动
本田 思域 2009款 1.8L 自动舒适版,4.88,10.15万公里,1.8L,自动
奇瑞 瑞虎3 2014款 1.6L CVT智尚版,4.50,5.29万公里,1.6L,自动
福特 福克斯 2009款 两厢 1.8L 自动时尚型,3.20,9.64万公里,1.8L,自动
日产 轩逸 2016款 1.6XV CVT智享版,7.86,4万公里,1.6L,自动
奔驰B级 2009款 B 200 时尚型(进口),6.60,12.16万公里,2.0L,自动
丰田 威驰FS 2017款 1.5L CVT锋驰版,6.68,2.38万公里,1.5L,自动
本田 奥德赛 2015款 改款 2.4L 智享版,21.20,6.83万公里,2.4L,自动
本田 飞度 2016款 1.5L LXS CVT舒适天窗版,6.99,2.65万公里,1.5L,自动
奥迪A4L 2013款 35 TFSI 自动标准型,14.20,8.23万公里,2.0T,自动
福特 福克斯 2012款 两厢 1.6L 自动风尚型,6.20,6.21万公里,1.6L,自动
奔驰C级 2011款 C 180K 经典型,10.80,9.47万公里,1.6T,自动
福特 福克斯 2013款 两厢经典 1.8L 自动基本型,5.48,3.35万公里,1.8L,自动
丰田 YARiS L 致炫 2016款 改款 1.5E CVT魅动版,6.68,4.22万公里,1.5L,自动
大众 宝来 2011款 1.4T 自动舒适型,3.75,12.42万公里,1.4T,自动
别克 凯越 2015款 1.5L 自动经典型,4.75,6.26万公里,1.5L,自动
日产 轩逸 2016款 经典 1.6XE 手动领先版,5.80,5.22万公里,1.6L,手动
雪佛兰 科鲁兹 2015款 1.5L 经典 SE AT,5.38,4.78万公里,1.5L,自动
起亚K2 2017款 三厢 1.4L AT GLS,5.60,4.38万公里,1.4L,自动
大众 2016款 途安L 280TSI 自动舒适版,10.80,6.37万公里,1.4T,自动
本田 缤智 2015款 1.5L CVT两驱舒适型,9.68,4.55万公里,1.5L,自动
宝马X1 2013款 xDrive20i X设计套装,14.80,4.67万公里,2.0T,自动
陆风X7 2015款 2.0T 全景旗舰版,6.68,5.59万公里,2.0T,自动
奥迪A4L 2009款 2.0 TFSI 舒适型,7.80,10.18万公里,2.0T,自动
宝马X1 2014款 sDrive18i 时尚型,12.68,13.74万公里,2.0T,自动
现代ix25 2015款 1.6L 自动两驱尊贵型DLX,8.50,6.78万公里,1.6L,自动
现代 朗动 2016款 1.6L 自动智能型,6.98,3.57万公里,1.6L,自动
奔驰GLK级 2012款 GLK 300 4MATIC 时尚型,14.80,15.05万公里,3.0L,自动
别克 英朗 2013款 GT 1.6L 自动时尚版,5.38,8.91万公里,1.6L,自动
大众 捷达 2013款 1.6L 手动舒适型,4.18,5.32万公里,1.6L,手动
哈弗H6 2013款 运动版 1.5T 手动四驱精英型,5.18,8.81万公里,1.5T,手动
别克 君威 2015款 2.0L 精英时尚型,8.38,6.81万公里,2.0L,自动
雪佛兰 赛欧 2011款 三厢 1.4L AMT幸福版,2.20,6.98万公里,1.4L,自动
奥迪A6L 2014款 TFSI 舒适型,22.78,6.51万公里,2.0T,自动
起亚 智跑 2012款 2.0L 自动两驱版GLS,6.38,15.24万公里,2.0L,自动
雪佛兰 乐风 2009款 1.4 SE AT,1.95,4.61万公里,1.4L,自动
雷诺 科雷傲 2010款 2.5L 四驱舒适型(进口),6.50,8.4万公里,2.5L,自动
起亚K2 2015款 三厢 1.4L MT GLS,3.90,3.57万公里,1.4L,手动
现代ix25 2015款 1.6L 自动两驱智能型GLS,7.00,6.79万公里,1.6L,自动
雪铁龙 C4世嘉 2016款 1.6L 自动舒适型,4.90,7.05万公里,1.6L,自动
日产 逍客 2016款 2.0L CVT豪华版,11.60,4.33万公里,2.0L,自动
大众 迈腾 2012款 改款 1.8TSI 领先型,8.50,10.68万公里,1.8T,自动
标致308 2014款 乐享版 经典 1.6L 自动风尚型,4.80,5.29万公里,1.6L,自动
东南DX3 2018款 1.5T CVT尊贵型,6.29,1.82万公里,1.5T,自动
大众 捷达 2015款 1.6L 手动舒适型,4.25,8.13万公里,1.6L,手动
丰田 汉兰达 2015款 2.0T 四驱精英版 7座,23.60,7.89万公里,2.0T,自动
雪佛兰 科帕奇 2015款 2.4L 四驱旗舰版 7座,9.80,9万公里,2.4L,自动
标致307 2007款 改款 2.0L 自动尊享版,2.00,14.05万公里,2.0L,自动
雷克萨斯RX经典 2009款 450h,29.80,4万公里,3.5L,自动
别克 英朗 2012款 XT 1.6L 自动时尚版,4.28,13.85万公里,1.6L,自动
福特 福克斯 2012款 三厢 1.6L 自动舒适型,6.48,6.83万公里,1.6L,自动
大众 高尔夫 2012款 1.4TSI 自动舒适型,5.98,7.92万公里,1.4T,自动
凯迪拉克XTS 2016款 28T 豪华型,17.80,6.4万公里,2.0T,自动
起亚KX3 2015款 1.6L 自动两驱DLX,7.38,8.05万公里,1.6L,自动
雪佛兰 赛欧 2010款 三厢 1.4L AMT优逸版,1.98,10.21万公里,1.4L,自动
宝马X3 2013款 xDrive20i 豪华型(进口),19.68,4.1万公里,2.0T,自动
奥迪Q5 2010款 2.0TFSI 舒适型,11.80,16.48万公里,2.0T,自动
大众 朗逸 2013款 改款经典 1.6L 自动风尚版,7.00,6.63万公里,1.6L,自动
日产 蓝鸟 2016款 1.6L CVT智酷版,8.73,3.15万公里,1.6L,自动
荣威550 2008款 550D 1.8T 自动品臻版,1.95,9.48万公里,1.8T,自动
大众 宝来 2016款 1.6L 手动时尚型,6.18,6.83万公里,1.6L,手动
福特 福克斯 2009款 两厢 1.8L 自动时尚型,2.80,13.41万公里,1.8L,自动
现代ix35 2013款 2.0L 自动两驱智能型GLS 国IV,8.50,4.93万公里,2.0L,自动
大众 宝来 2013款 1.4T 自动舒适型,5.68,5.16万公里,1.4T,自动
奇瑞QQme 2010款 1.3L AMT自由巡航,0.85,4.98万公里,1.3L,自动
大众 高尔夫 2011款 1.4TSI 自动舒适型,5.70,12.34万公里,1.4T,自动
日产 逍客 2010款 20X雷 CVT 2WD,4.51,10.56万公里,2.0L,自动
英菲尼迪Q50L 2015款 2.0T 悦享版,18.10,3.29万公里,2.0T,自动
本田 缤智 2015款 1.8L CVT四驱旗舰型,10.80,3.52万公里,1.8L,自动
福特 嘉年华 2011款 两厢 1.5L 自动运动型,3.95,5.95万公里,1.5L,自动
铃木 雨燕 2014款 1.5L 自动时尚型,5.80,2.16万公里,1.5L,自动
哈弗H2 2016款 红标 1.5T 自动两驱豪华型,6.20,4.89万公里,1.5T,自动
别克 英朗 2012款 GT 1.6L 自动时尚版,4.50,5.44万公里,1.6L,自动
别克 英朗 2015款 15N 手动精英型,4.98,5.3万公里,1.5L,手动
日产 逍客 2010款 20X雷 CVT 2WD,4.80,9.99万公里,2.0L,自动
吉利 帝豪 2016款 三厢 1.5L 手动向上版,3.28,5.04万公里,1.5L,手动
福特 翼虎 2013款 2.0L GTDi 四驱精英型,9.38,5.77万公里,2.0T,自动
大众POLO 2011款 1.4L 自动致酷版,3.60,9.31万公里,1.4L,自动
奔驰C级 2010款 C 180K 经典型,8.98,14万公里,1.6T,自动
别克 君越 2010款 2.4L豪华版,5.60,12.49万公里,2.4L,自动
别克 英朗 2016款 15N 自动精英型,5.80,4.31万公里,1.5L,自动
雪铁龙C4L 2014款 1.8L 智驱版 自动劲享型,4.39,14.16万公里,1.8L,自动
荣威550 2009款 550S 1.8L 自动启臻版,2.80,14.05万公里,1.8L,自动
奔驰C级 2013款 C 260 CGI 优雅型,11.20,10.87万公里,1.8T,自动
传祺GA6 2016款 235T 手动精英版,6.28,0.76万公里,1.5T,手动
奥迪Q3 2015款 30 TFSI 进取型,14.98,6.2万公里,1.4T,自动
日产 轩逸 2020款 1.6L XL CVT悦享版,11.80,1.48万公里,1.6L,自动
别克 凯越 2008款 1.6LE-AT,2.20,9.33万公里,1.6L,自动
别克 英朗 2013款 GT 1.6L 自动时尚版,6.00,5.58万公里,1.6L,自动
中华V5 2012款 1.5T 自动两驱运动型,4.20,7.44万公里,1.5T,自动
现代 全新胜达 2013款 2.4L 自动两驱智能型,8.12,6.98万公里,2.4L,自动
福特 嘉年华 2011款 两厢 1.5L 手动时尚型,2.58,9.51万公里,1.5L,手动
福特 翼搏 2013款 1.5L 自动风尚型,5.98,7.62万公里,1.5L,自动
福特 探险者 2016款 2.3T 精英版(进口),24.80,8.12万公里,2.3T,自动
起亚 智跑 2012款 2.4L 自动四驱版Premium,5.98,11.79万公里,2.4L,自动
凯迪拉克CTS 2010款 3.0豪华运动版(进口),7.60,12.57万公里,3.0L,自动
长安CS75 2014款 1.8T 自动精英型 国IV,5.58,5.39万公里,1.8T,自动
奥迪A8L 2011款 A8L 3.0 TFSI quattro舒适型(213kW)(进口),20.40,14.29万公里,3.0T,自动
现代 索纳塔八 2011款 2.0L 自动至尊版,5.98,8.69万公里,2.0L,自动
奥迪A4L 2012款 2.0 TFSI 自动舒适型,10.80,9.85万公里,2.0T,自动
荣威550 2012款 550 1.8L 自动超值版,2.88,10.47万公里,1.8L,自动
雪佛兰 科鲁兹 2011款 1.8L SE AT,3.30,6.81万公里,1.8L,自动
现代 途胜 2015款 1.6T 双离合两驱智能型,9.68,8.28万公里,1.6T,自动
丰田 汉兰达 2015款 2.0T 四驱豪华版 7座,25.80,5.79万公里,2.0T,自动
哈弗H2 2014款 1.5T 手动两驱精英版,3.80,6.94万公里,1.5T,手动
大众 高尔夫 2014款 1.4TSI 自动舒适型,8.30,2.32万公里,1.4T,自动
别克GL8 2011款 3.0L XT豪华商务旗舰版,12.00,17.56万公里,3.0L,自动
雪佛兰 赛欧 2013款 三厢 1.2L AMT理想版,2.38,5.44万公里,1.2L,自动
铃木 奥拓 2013款 1.0L 手动豪华型,2.10,3.59万公里,1.0L,手动
长安CS75 2015款 1.8T 自动四驱精英型 国V,7.50,3.41万公里,1.8T,自动
别克 凯越 2011款 1.6LX-AT,3.50,5.09万公里,1.6L,自动
大众 捷达 2013款 1.6L 自动舒适型,3.98,8.66万公里,1.6L,自动
雪佛兰 科鲁兹 2013款 1.6L SL MT,2.68,7.25万公里,1.6L,手动
别克 英朗 2015款 18T 双离合精英型,5.98,4.55万公里,1.4T,自动
福特 福睿斯 2015款 1.5L 自动时尚型,5.60,2.89万公里,1.5L,自动
别克 英朗 2014款 XT 1.6L 自动时尚版,5.68,8.89万公里,1.6L,自动
大众 途安 2011款 1.4T 自动智雅版5座,6.80,6.13万公里,1.4T,自动
大众 途观 2013款 1.8TSI 自动两驱舒适版,9.90,10.66万公里,1.8T,自动
比亚迪 秦 2015款 1.5T 双冠旗舰Plus版,5.99,5.95万公里,1.5T,自动
大众 迈腾 2009款 1.8TSI DSG舒适型,4.05,15.63万公里,1.8T,自动
奥迪Q5 2016款 40 TFSI 技术型,23.90,7.44万公里,2.0T,自动
奔驰A级 2011款 A 160(进口),6.80,5.7万公里,1.5L,自动
奔驰C级 2013款 C 180 CGI 经典型,11.20,12.48万公里,1.8T,自动
福特 蒙迪欧-致胜 2011款 2.0L GTDi200时尚型,5.15,12.37万公里,2.0T,自动
现代ix35 2010款 2.0L 自动两驱精英版GLS,6.50,9.28万公里,2.0L,自动
雪佛兰 科鲁兹 2013款 1.6L SE MT,4.50,7.1万公里,1.6L,手动
奔腾B70 2012款 1.8L 自动时尚型,4.15,8.17万公里,1.8L,自动
雪佛兰 斯帕可 2011款 1.0 SE MT(进口),1.98,10.03万公里,1.0L,手动
大众 迈腾 2013款 1.8TSI 领先型,10.08,8.79万公里,1.8T,自动
别克 英朗 2012款 GT 1.6L 自动时尚版,4.30,6.3万公里,1.6L,自动
别克 英朗 2013款 GT 1.6L 自动时尚版,4.98,6.86万公里,1.6L,自动
大众 捷达 2013款 1.6L 手动时尚型,3.98,6.41万公里,1.6L,手动
别克 君威 2011款 2.0L 舒适版,4.66,9.39万公里,2.0L,自动
福特 福克斯 2012款 三厢 1.6L 自动舒适型,4.98,5.68万公里,1.6L,自动
日产 天籁 2008款 2.0L XL舒适版,5.66,15.38万公里,2.0L,自动
福特 福睿斯 2017款 1.5L 自动舒适型,5.90,9.02万公里,1.5L,自动
大众CC 2016款 2.0TSI 豪华型,17.00,4.73万公里,2.0T,自动
大众 高尔夫 2011款 1.4TSI 自动豪华型,6.00,6.43万公里,1.4T,自动
日产 轩逸 2016款 1.6XL  CVT尊享版,8.30,4.25万公里,1.6L,自动
大众 途锐 2011款 3.0TSI 豪华型(进口),30.50,9.3万公里,3.0T,自动
福特 嘉年华 2014款 两厢 1.0 GTDi 自动劲动型,5.68,2.73万公里,1.0T,自动
别克GL8 2014款 2.4L 经典版,10.60,8.55万公里,2.4L,自动
雪佛兰 科帕奇 2015款 2.4L 两驱城市版 7座,8.28,6.62万公里,2.4L,自动
日产 蓝鸟 2016款 1.6L CVT智酷版,7.41,3.84万公里,1.6L,自动
日产 逍客 2011款 2.0XL 火 CVT 2WD,5.98,3.76万公里,2.0L,自动
福特 福睿斯 2015款 1.5L 自动时尚型,5.28,6.14万公里,1.5L,自动
大众 高尔夫 2016款 1.6L 自动时尚型,8.80,2.5万公里,1.6L,自动
雪铁龙 世嘉 2013款 两厢 1.6L 自动乐尚型,3.98,6.62万公里,1.6L,自动
别克 英朗 2015款 15N 自动精英型,5.77,4.31万公里,1.5L,自动
福特 福克斯 2017款 三厢 1.6L 自动舒适型智行版,6.46,1.24万公里,1.6L,自动
大众 朗逸 2013款 1.4TSI DSG舒适版,5.28,6.34万公里,1.4T,自动
福特 福克斯 2012款 两厢 1.6L 自动风尚型,5.00,8.69万公里,1.6L,自动
大众 途观 2013款 1.8TSI 自动两驱豪华型,9.88,9.09万公里,1.8T,自动
菲亚特 菲翔 2012款 1.4T 自动悦享版,3.86,7.99万公里,1.4T,自动
别克 英朗 2012款 GT 1.8L 自动时尚真皮版,3.66,10.15万公里,1.8L,自动
雪佛兰 迈锐宝 2012款 2.0L 自动豪华版,5.80,12.34万公里,2.0L,自动
别克 君威 2012款 2.0L 豪华版,5.26,15.85万公里,2.0L,自动
别克 英朗 2013款 GT 1.6L 自动时尚版,5.00,7.22万公里,1.6L,自动
日产 骐达 2008款 1.6L 自动智能型,3.88,6.93万公里,1.6L,自动
福特 翼虎 2013款 1.6L GTDi 两驱风尚型,7.90,8.23万公里,1.6T,自动
奥迪A4L 2010款 2.0 TFSI 标准型,9.30,9.5万公里,2.0T,自动
Jeep 指南者 2012款 2.0L 两驱豪华版(进口),6.50,14.12万公里,2.0L,自动
奔驰GLK级 2012款 GLK 300 4MATIC 时尚型,14.20,15.57万公里,3.0L,自动
哈弗H6 2014款 运动版 1.5T 手动两驱精英型,5.00,3.52万公里,1.5T,手动
起亚 智跑 2012款 2.0L 自动两驱版GLS,6.60,8.61万公里,2.0L,自动
奔驰C级 2011款 C 200 CGI 时尚型,12.60,6.35万公里,1.8T,自动
大众 高尔夫 2011款 1.4TSI 自动舒适型,5.68,4.43万公里,1.4T,自动
别克GL8 2014款 2.4L 经典版,11.58,8.9万公里,2.4L,自动
大众 高尔夫 2012款 1.6 手动时尚型,4.88,9.57万公里,1.6L,手动
陆风X7 2015款 2.0T 全景尊贵版,5.88,17.65万公里,2.0T,自动
别克 英朗 2016款 15N 自动精英型,6.67,5.46万公里,1.5L,自动
大众 途观 2010款 1.8TSI 自动两驱菁英版,9.10,7.39万公里,1.8T,自动
现代ix35 2012款 2.0L 自动两驱精英版GLS,6.80,4.8万公里,2.0L,自动
大众 朗逸 2013款 改款经典 1.6L 自动风尚版,8.09,4.05万公里,1.6L,自动
别克 昂科拉 2015款 1.4T 自动两驱都市领先型,7.85,5.27万公里,1.4T,自动
大众 高尔夫 2016款 230TSI 自动舒适型,9.38,4.37万公里,1.4T,自动
MINI Countryman 2011款 1.6L COOPER Excitement,11.80,9.32万公里,1.6L,自动
比亚迪S7 2015款 1.5T 手动尊贵型,4.50,7.9万公里,1.5T,手动
路虎 神行者2 2010款 2.2 TD4 自动SE柴油版(进口),9.80,16.72万公里,2.2T,自动
大众 朗逸 2017款 1.6L 自动风尚版,9.10,2万公里,1.6L,自动
斯柯达 明锐 2017款 经典款 1.6L 手动标准版,6.20,7.6万公里,1.6L,手动
本田CR-V 2016款 2.0L 两驱都市版,15.70,7.92万公里,2.0L,自动
Jeep 自由光 2016款 2.4L 专业版智能包,12.50,6.9万公里,2.4L,自动
别克 凯越 2015款 1.5L 自动经典型,4.80,5.07万公里,1.5L,自动
福特 福克斯 2009款 两厢 1.8L 手动舒适型,2.50,8.24万公里,1.8L,手动
奥迪A4L 2013款 35 TFSI 自动舒适型,14.50,5.91万公里,2.0T,自动
日产 蓝鸟 2016款 1.6L CVT智酷版,8.68,3.32万公里,1.6L,自动
本田 飞度 2018款 1.5L CVT舒适天窗版,8.25,1.38万公里,1.5L,自动
雷诺 科雷傲 2014款 2.5L 四驱豪华版(进口),9.80,6.25万公里,2.5L,自动
福特 福克斯 2017款 三厢 1.6L 自动舒适型智行版,7.18,3.43万公里,1.6L,自动
长城 炮 2019款 2.0T商用版自动汽油两驱精英型长箱GW4C20B,11.28,0.84万公里,2.0T,自动
奔驰GLC级 2016款 GLC 260 4MATIC 动感型,29.00,5.6万公里,2.0T,自动
哈弗H7 2016款 蓝标H7 2.0T 自动豪华型,10.88,5.11万公里,2.0T,自动
现代 瑞纳 2014款 1.4L 手动智能型GLS,3.99,9.47万公里,1.4L,手动
奔驰C级 2010款 C 260 时尚型,8.98,14.25万公里,2.5L,自动
启辰T70 2016款 2.0L CVT睿趣版,6.88,4.73万公里,2.0L,自动
雪佛兰 科沃兹 2018款 320 自动欣享天窗版,6.50,4.96万公里,1.5L,自动
北汽威旺M20 2017款 1.5L M20S 基本型DAM15DL,2.80,3.03万公里,1.5L,手动
福特 福睿斯 2017款 改款 1.5L 自动舒适型,7.18,4.3万公里,1.5L,自动
现代 途胜 2015款 1.6T 双离合两驱智能型,10.88,4.02万公里,1.6T,自动
日产 骐达 2016款 1.6L CVT酷动版,8.70,4.08万公里,1.6L,自动
比亚迪F3R 2008款 1.6L 自动挡,1.38,2.05万公里,1.6L,自动
雷克萨斯NX 2015款 200 前驱 锋行版,24.50,4.72万公里,2.0L,自动
本田 缤智 2017款 1.5L CVT两驱舒适型,10.98,4.32万公里,1.5L,自动
日产 轩逸 2019款 1.6XV CVT智联尊享版 国V,9.57,2.11万公里,1.6L,自动
奥迪Q5 2015款 40 TFSI 技术型,21.88,7.66万公里,2.0T,自动
本田 艾力绅 2016款 2.4L 经典版,22.90,5.88万公里,2.4L,自动
大众 捷达 2013款 1.6L 手动舒适型,3.90,7.55万公里,1.6L,手动
大众 凌渡 2018款 230TSI DSG风尚版,12.10,3.89万公里,1.4T,自动
雪佛兰 迈锐宝 2012款 2.0L 自动豪华版,6.50,8.75万公里,2.0L,自动
传祺GS4 2017款 235T 自动两驱精英版,7.00,3.55万公里,1.5T,自动
别克 英朗 2019款 18T 自动互联精英型 国VI,7.68,1.62万公里,1.3T,自动
保时捷Cayenne 2011款 Cayenne 3.0T,41.80,14.12万公里,3.0T,自动
马自达CX-4 2018款 2.0L 自动两驱蓝天品位升级版 国V,13.00,3.69万公里,2.0L,自动
吉利 远景X3 2017款 1.5L 自动尊贵型,4.88,4.46万公里,1.5L,自动
大众 高尔夫 2016款 1.6L 自动舒适型,9.00,5.34万公里,1.6L,自动
现代 名图 2017款 1.8L 自动尊贵型DLX 国V,9.88,4.84万公里,1.8L,自动
本田 思域 2013款 十周年纪念 1.8L 自动豪华版,6.58,13.45万公里,1.8L,自动
Jeep 指南者 2017款 200T 自动家享版,11.40,3.01万公里,1.4T,自动
起亚K3 2016款 1.6L 手动GL,5.48,4.98万公里,1.6L,手动
本田CR-V 2016款 2.0L 两驱都市版,14.58,6.45万公里,2.0L,自动
丰田 威驰 2014款 1.5L 手动智臻版,4.68,2.49万公里,1.5L,手动
奥迪A5 2017款 Coupe 40 TFSI 时尚型(进口),30.68,1.74万公里,2.0T,自动
别克 凯越 2018款 15N CVT精英型,5.98,4.54万公里,1.3L,自动
MG3 2013款 1.5L 手动超值版,2.80,3.9万公里,1.5L,手动
丰田 汉兰达 2009款 2.7L 两驱7座豪华版,13.60,11.13万公里,2.7L,自动
凯迪拉克XT5 2016款 28T 四驱技术型,20.30,9.38万公里,2.0T,自动
雪佛兰 科鲁兹 2013款 1.6L SL MT,3.25,5.79万公里,1.6L,手动
丰田 凯美瑞 2019款 2.5G 豪华版 国VI,19.98,2.01万公里,2.5L,自动
日产 轩逸 2020款 改款 1.6L XL CVT智享版,12.30,0.23万公里,1.6L,自动
日产 奇骏 2019款 2.0L CVT智联舒适版 2WD,15.88,2.27万公里,2.0L,自动
斯柯达 明锐 2014款 1.4TSI DSG逸俊版,6.80,3.94万公里,1.4T,自动
林肯MKC 2016款 2.0T 两驱尊雅版,17.50,5.82万公里,2.0T,自动
别克 凯越 2011款 1.6LE-AT,3.60,12.66万公里,1.6L,自动
别克 君越 2013款 2.4L SIDI精英舒适型,9.50,8.31万公里,2.4L,自动
本田 艾力绅 2012款 2.4L VTi-S尊贵版,14.80,17.76万公里,2.4L,自动
现代 悦纳 2016款 1.4L 手动炫酷版GLS,4.60,5.49万公里,1.4L,手动
哈弗H6 2012款 1.5T 手动两驱尊贵型,3.40,8.95万公里,1.5T,手动
大众POLO 2014款 1.4L 自动舒适版,5.50,7.81万公里,1.4L,自动
奥迪A6L 2014款 30 FSI 舒适型,21.98,11.84万公里,2.5L,自动
奥迪A3 2012款 Sportback 1.8T 豪华型(进口),7.22,8.61万公里,1.8T,自动
标致3008 2016款 2.0L 自动标准版,7.20,5.72万公里,2.0L,自动
斯柯达 昕锐 2015款 1.6L 自动乐选型,5.18,4.36万公里,1.6L,自动
现代 朗动 2016款 1.6L 自动智能型,7.18,3.56万公里,1.6L,自动
日产 逍客 2016款 1.2T 手动时尚版,7.95,8.19万公里,1.2T,手动
本田 锋范经典 2011款 1.5L 自动精英品致版,4.68,9.51万公里,1.5L,自动
福特 蒙迪欧 2013款 1.5L GTDi180时尚型,9.98,6.99万公里,1.5T,自动
别克 昂科威 2014款 28T 四驱豪华型,12.98,5.81万公里,2.0T,自动
宝马7系 2011款 730Li典雅型(进口),21.80,16.62万公里,3.0L,自动
本田 飞度 2016款 1.5L LXS CVT舒适天窗版,7.88,5.57万公里,1.5L,自动
福特 福睿斯 2015款 1.5L 手动舒适型,4.60,5.04万公里,1.5L,手动
大众 帕萨特 2017款 330TSI DSG尊荣版,17.38,4.43万公里,1.8T,自动
标致4008 2013款 2.0L 两驱时尚型(进口),8.80,4.42万公里,2.0L,自动
雪佛兰 创酷 2017款 1.4T 自动两驱豪华型,6.90,2.72万公里,1.4T,自动
丰田 卡罗拉 2008款 1.8L 手动GL-i天窗特别版,3.90,10.13万公里,1.8L,手动
福特 福克斯 2015款 三厢 1.6L 自动舒适型,6.28,8.1万公里,1.6L,自动
丰田 undefined 兰德酷路泽 2014款 2.7L 自动（平行进口）,36.80,6.25万公里,2.7L,自动
雷克萨斯ES 2018款 260 卓越版 国V,31.98,4.8万公里,2.5L,自动
奔驰GLA级 2016款 GLA 200 时尚型,17.60,4.29万公里,1.6T,自动
长安CS35 2015款 1.6L 手动豪华型 国IV,3.80,6.69万公里,1.6L,手动
大众 速腾 2018款 280TSI DSG熠动版,11.38,2.64万公里,1.4T,自动
大众 高尔夫 2016款 230TSI 自动豪华型,10.60,9.41万公里,1.4T,自动
本田 凌派 2019款 180Turbo CVT舒适版 国V,8.90,2.02万公里,1.0T,自动
斯巴鲁XV 2018款 2.0i 全驱豪华版EyeSight,16.68,5.83万公里,2.0L,自动
起亚K3 2016款 1.6L 自动Premium,7.28,5.04万公里,1.6L,自动
英菲尼迪Q50L 2015款 2.0T 悦享版,17.68,7.3万公里,2.0T,自动
丰田 凯美瑞 2012款 骏瑞 2.0S 耀动版,10.80,10.9万公里,2.0L,自动
道奇 酷威 2015款 2.0TD 四驱尊尚版(进口),12.98,13.79万公里,2.0T,自动
哈弗H2 2016款 红标 1.5T 自动两驱尊贵型,6.80,5.16万公里,1.5T,自动
大众POLO 2016款 1.4L 自动风尚型,6.58,3.73万公里,1.4L,自动
奔驰E级 2015款 改款 E 260 L 运动型,25.80,7.62万公里,2.0T,自动
哈弗M6 2019款 1.5T DCT两驱精英型 国VI,6.88,1.38万公里,1.5T,自动
宝骏310 2017款 1.5L 手动豪华型,4.36,1万公里,1.5L,手动
大众CC 2016款 1.8TSI 豪华型,16.18,5.24万公里,1.8T,自动
雪佛兰 科鲁兹 2015款 1.5L 经典 SE AT,5.70,6.24万公里,1.5L,自动
本田 思域 2016款 220TURBO CVT尊贵版,12.73,6.13万公里,1.5T,自动
大众 凌渡 2019款 230TSI 手动风尚版 国V,9.98,5.19万公里,1.4T,手动
大众 朗逸 2013款 改款 1.4TSI DSG舒适版,7.35,7.34万公里,1.4T,自动
奥迪Q5 2011款 2.0TFSI 进取型,13.30,12.82万公里,2.0T,自动
长安CS35 2015款 1.6L 手动豪华型 国IV,3.80,3.58万公里,1.6L,手动
别克 君威 2012款 2.0L 舒适版,5.90,8.71万公里,2.0L,自动
大众POLO 2016款 1.6L 自动舒适型,7.46,2.71万公里,1.6L,自动
铃木 雨燕 2016款 1.5L 自动时尚型酷玩版,6.50,2.73万公里,1.5L,自动
丰田 亚洲龙 2019款 双擎 2.5L XLE尊贵版 国VI,24.80,0.5万公里,2.5L,自动
斯柯达 速派 2016款 TSI330 DSG智行版,12.58,4.43万公里,1.8T,自动
宝马X1 2013款 sDrive18i 领先型,11.50,8.53万公里,2.0L,自动
本田 杰德 2017款 1.8L 自动舒适版 5座,10.90,4.46万公里,1.8L,自动
大众 途观 2016款 300TSI 自动两驱舒适版,11.58,11.36万公里,1.8T,自动
奥迪A6L 2012款 TFSI 舒适型,17.88,10.98万公里,2.0T,自动
雪佛兰 科鲁兹 2013款 1.6L SE MT,3.80,8.08万公里,1.6L,手动
大众 迈腾 2018款 330TSI DSG 尊贵型,18.60,3.53万公里,1.8T,自动
菲亚特 菲翔 2012款 1.4T 自动劲享版,4.38,12.05万公里,1.4T,自动
别克GL8 2018款 28T 尊贵型 国VI,24.98,5.9万公里,2.0T,自动
东风风行 菱智 2020款 M5 1.6L 手动实用型,5.00,0.5万公里,1.6L,手动
奔驰GLC级 2018款 改款 GLC 260 4MATIC 动感型,33.00,2.93万公里,2.0T,自动
雪佛兰 科鲁兹 2015款 1.5L 经典 SE AT,4.99,7.45万公里,1.5L,自动
大众 途铠 2019款 1.5L 自动风尚版,10.68,2.69万公里,1.5L,自动
福特 福克斯 2015款 两厢 1.6L 自动舒适型,6.98,2.6万公里,1.6L,自动
日产 逍客 2016款 2.0L CVT豪华版,10.30,6.34万公里,2.0L,自动
现代 朗动 2016款 1.6L 自动尊贵型,7.68,6.99万公里,1.6L,自动
起亚K2 2015款 三厢 1.4L MT GLS,4.38,4.46万公里,1.4L,手动
宝马X1 2018款 sDrive18Li 尊享型,18.98,2.1万公里,1.5T,自动
东南DX7 2019款 1.5T 自动智联至尊版 国VI,9.98,0.42万公里,1.5T,自动
大众POLO 2016款 1.6L 自动舒适型,7.48,5.07万公里,1.6L,自动
三菱 欧蓝德 2018款 2.0L 两驱荣耀版 5座,13.20,3.33万公里,2.0L,自动
日产 奇骏 2017款 2.0L CVT舒适版 2WD,14.98,2.48万公里,2.0L,自动
现代 伊兰特 2008款 1.6L 手动豪华贵雅版,1.88,14.17万公里,1.6L,手动
奔驰GLA级 2015款 GLA 220 4MATIC 时尚型,16.22,5.41万公里,2.0T,自动
大众 迈腾 2018款 改款 330TSI DSG 豪华型,18.60,5.78万公里,1.8T,自动
日产 骐达 2020款 1.6L CVT智行版,10.58,2.55万公里,1.6L,自动
马自达 昂克赛拉 2017款 两厢 2.0L 自动豪华型 国V,11.18,5.26万公里,2.0L,自动
马自达 昂克赛拉 2017款 三厢 1.5L 自动豪华型 国V,9.58,2.89万公里,1.5L,自动
别克 英朗 2015款 15N 自动精英型,7.00,4.31万公里,1.5L,自动
丰田 汉兰达 2015款 2.0T 四驱豪华版 7座,23.66,5.69万公里,2.0T,自动
奥迪A6L 2014款 TFSI 舒适型,20.80,15.76万公里,2.0T,自动
现代 瑞纳 2016款 1.4L 自动智能型GLS,4.50,3.81万公里,1.4L,自动
起亚 智跑 2012款 2.0L 自动两驱版GLS,6.50,10.71万公里,2.0L,自动
英菲尼迪Q50L 2015款 2.0T 悦享版,16.58,7.3万公里,2.0T,自动
本田 飞度 2018款 1.5L CVT舒适天窗版,8.38,1.85万公里,1.5L,自动
别克 英朗 2015款 15N 自动进取型,5.80,6.27万公里,1.5L,自动
奥迪Q7 2012款 3.0 TFSI 技术型(200kW)(进口),23.98,15.43万公里,3.0T,自动
本田 雅阁 2018款 260TURBO 精英版 国V,16.28,3.7万公里,1.5T,自动
本田 思域 2016款 220TURBO CVT豪华版,12.70,4.39万公里,1.5T,自动
奔驰GLA级 2016款 GLA 200 动感型,18.80,5.27万公里,1.6T,自动
马自达3 2007款 1.6L 手动标准型,3.18,14.4万公里,1.6L,手动
日产 轩逸 2009款 1.6XL 自动豪华天窗版,5.60,9.22万公里,1.6L,自动
马自达CX-5 2020款 2.5L 自动四驱智尊型,20.58,0.33万公里,2.5L,自动
奔驰B级 2012款 B 180(进口),12.10,7.59万公里,1.6T,自动
本田 飞度 2018款 1.5L CVT潮跑+版,8.60,2.78万公里,1.5L,自动
大众 途观 2013款 1.8TSI 自动四驱豪华型,11.98,6.01万公里,1.8T,自动
大众 朗逸 2013款 改款经典 1.6L 自动风尚版,6.98,7.3万公里,1.6L,自动
大众POLO 2018款 1.5L 自动安驾型,7.68,2.27万公里,1.5L,自动
本田 思铂睿 2009款 2.4L TYPE-S,6.60,14.05万公里,2.4L,自动
Jeep 指南者 2017款 200T 自动家享版,10.70,8.33万公里,1.4T,自动
奔驰C级 2015款 C 200 旅行轿车(进口),26.28,2.25万公里,2.0T,自动
大众 探影 2020款 280TSI DSG 悦Pro,12.98,0.13万公里,1.4T,自动
起亚 福瑞迪 2014款 1.6L MT GL,4.60,8.23万公里,1.6L,手动
丰田 汉兰达 2015款 3.5L 四驱豪华版 7座,33.80,5.44万公里,3.5L,自动
奔驰GLA级 2017款 GLA 200 动感型,19.98,4.99万公里,1.6T,自动
斯柯达 明锐 2013款 1.6L 手动逸杰版,4.38,11.88万公里,1.6L,手动
福特 福睿斯 2017款 1.5L 手动舒适型,5.00,3.64万公里,1.5L,手动
起亚 福瑞迪 2011款 1.6L AT Premium,3.48,8.71万公里,1.6L,自动
大众CC 2016款 1.8TSI 豪华型,16.98,5.1万公里,1.8T,自动
本田 飞度 2014款 1.5L LX CVT舒适型,6.70,6.43万公里,1.5L,自动
大众 帕萨特 2011款 1.8TSI 自动尊荣版,7.90,16.49万公里,1.8T,自动
日产 骐达 2011款 1.6L CVT智能型,5.30,9.33万公里,1.6L,自动
吉利 博越 2016款 1.8TD 自动智尚型,8.10,2.66万公里,1.8T,自动
大众 途观 2012款 1.8TSI 自动四驱菁英版,8.80,16.4万公里,1.8T,自动
日产 奇骏 2017款 2.0L CVT舒适版 2WD,15.70,2.44万公里,2.0L,自动
大众 朗逸 2015款 1.6L 自动风尚版,6.80,12.06万公里,1.6L,自动
现代 伊兰特 2008款 1.6L 手动豪华贵雅版,1.90,15.65万公里,1.6L,手动
雪佛兰 景程 2013款 1.8 SE舒适版 MT,2.80,10.04万公里,1.8L,手动
别克 君越 2018款 28T 豪华型,17.50,3.76万公里,2.0T,自动
启辰D50 2013款 1.6L 手动时尚版,2.98,8.14万公里,1.6L,手动
日产 轩逸 2018款 经典 1.6XE+ CVT领先版,7.68,2.6万公里,1.6L,自动
福特 福克斯 2015款 三厢 EcoBoost 180 自动精英型,7.30,3.93万公里,1.5T,自动
奥迪Q3 2015款 35 TFSI quattro 技术型,15.50,3.97万公里,2.0T,自动
宝马5系 2014款 525Li 领先型,24.98,7.51万公里,2.0T,自动
众泰T600 Coupe 2017款 1.5T 自动豪华型,5.38,4.6万公里,1.5T,自动
本田 雅阁 2018款 260TURBO 精英版 国VI,19.80,0.22万公里,1.5T,自动
别克 威朗 2016款 两厢 15S 自动领先型,7.96,3.84万公里,1.5L,自动
Smart smart fortwo 2012款 1.0T 流光灰特别版,5.00,6.79万公里,1.0T,自动
英菲尼迪QX50 2015款 2.5L 舒适版,18.10,2.03万公里,2.5L,自动
启辰R50 2013款 1.6L 自动豪华版,2.95,6.8万公里,1.6L,自动
起亚K3 2013款 1.6L 手动GL,4.18,9.87万公里,1.6L,手动
别克GL8 2014款 2.4L 行政版,9.89,6.76万公里,2.4L,自动
MG 名爵ZS 2017款 1.5L 自动豪华版,6.20,3.72万公里,1.5L,自动
福特 翼虎 2015款 1.5L GTDi 四驱精英型,8.90,11.28万公里,1.5T,自动
日产 天籁 2013款 2.0L XL舒适版,9.58,6.12万公里,2.0L,自动
丰田 威驰 2014款 1.5L 自动智臻版,4.98,9.51万公里,1.5L,自动
马自达 睿翼 2011款 2.0L 自动精英版,5.28,15.05万公里,2.0L,自动
日产 纳瓦拉 2017款 2.5L自动四驱豪华版QR25,15.30,2.09万公里,2.5L,自动
福特 翼搏 2013款 1.5L 自动风尚型,4.98,9.75万公里,1.5L,自动
中华V5 2012款 1.6L 自动舒适型,3.85,9.8万公里,1.6L,自动
哈弗H1 2016款 改款 蓝标 1.5L AMT舒适型,4.88,,,
别克 英朗 2019款 15T 双离合进取型 国VI,7.50,4.61万公里,1.0T,自动
福特 翼搏 2013款 1.5L 自动尊贵型,5.50,5.01万公里,1.5L,自动
奔驰E级 2014款 E 260 L 豪华型,24.30,8.09万公里,1.8T,自动
丰田 卡罗拉双擎E+ 2019款 1.8L 领先版,14.20,2.93万公里,1.8L,自动
别克 昂科拉 2014款 1.4T 自动两驱都市精英型,5.50,6.06万公里,1.4T,自动
大众 速腾 2012款 1.6L 自动舒适型,6.38,8.95万公里,1.6L,自动
Jeep 指南者 2011款 2.4L 四驱舒适升级版(进口),7.80,12.69万公里,2.4L,自动
奥迪A4L 2013款 35 TFSI 自动标准型,15.98,10.83万公里,2.0T,自动
路虎 发现神行 2016款 2.0T SE,21.80,8.86万公里,2.0T,自动
丰田 卡罗拉 2017款 1.2T CVT GL,8.30,6.86万公里,1.2T,自动
雪铁龙 爱丽舍 2014款 1.6L 自动时尚型,4.58,8.24万公里,1.6L,自动
本田XR-V 2015款 1.8L VTi CVT豪华版,10.98,7.74万公里,1.8L,自动
大众 速腾 2012款 1.6L 自动时尚型,5.98,9.77万公里,1.6L,自动
丰田 皇冠 2018款 2.0T 运动版,25.00,6.02万公里,2.0T,自动
本田 雅阁 2016款 2.0L 舒适版,12.80,11.88万公里,2.0L,自动
日产 骐达 2020款 1.6L CVT智行版,11.14,0.78万公里,1.6L,自动
别克 英朗 2016款 15N 自动精英型,6.50,4.78万公里,1.5L,自动
道奇 酷威 2016款 2.4L 两驱旅行版(进口),12.68,7.38万公里,2.4L,自动
标致207 2011款 两厢 1.4L 手动驭乐版,1.80,6.93万公里,1.4L,手动
斯柯达 昕锐 2019款 1.5L 自动舒适版 国V,6.98,2.02万公里,1.5L,自动
丰田 卡罗拉 2017款 改款双擎 1.8L E-CVT豪华版,11.50,3.61万公里,1.8L,自动
荣威e550 2016款 尊享版,6.99,5.19万公里,1.5L,自动
大众 朗逸 2017款 1.6L 自动风尚版,7.98,4.61万公里,1.6L,自动
大众 帕萨特 2013款 1.8TSI DSG尊荣版,7.80,14.98万公里,1.8T,自动
日产 骐达 2008款 1.6L 自动智能型,3.58,10.73万公里,1.6L,自动
捷豹XJ 2012款 XJL 3.0 旗舰商务版,32.98,4.22万公里,3.0L,自动
别克GL6 2018款 18T 6座豪华型,10.10,5.94万公里,1.3T,自动
大众 帕萨特 2016款 280TSI DSG尊荣版,11.58,10.24万公里,1.4T,自动
大众 朗逸 2018款 经典 1.5L 自动风尚版 国VI,9.20,1.58万公里,1.5L,自动
荣威RX3 2020款 1.6L CVT 4G互联超爽精英版,7.88,1.61万公里,1.6L,自动
哈弗H6 2011款 2.0L 手动两驱精英型,2.98,17.73万公里,2.0L,手动
雪佛兰 迈锐宝 2016款 2.4L 自动豪华版,8.88,7.22万公里,2.4L,自动
日产 天籁 2011款 2.5L XL领先版,7.80,9.98万公里,2.5L,自动
福特 野马 2017款 2.3L 自动 （平行进口）,28.98,2.52万公里,2.3L,自动
江淮 瑞风S3 2017款 1.6L 手动智能互联型,4.20,1.8万公里,1.6L,手动
福特 福克斯 2011款 三厢 1.8L 手动舒适型,2.95,8.2万公里,1.8L,手动
日产 蓝鸟 2019款 1.6L CVT智联智酷版 国V,9.48,2.24万公里,1.6L,自动
现代ix35 2013款 2.0L 自动两驱智能型GLS 国IV,8.30,4.82万公里,2.0L,自动
沃尔沃S60L 2015款 2.0T 智远版,11.38,14万公里,2.0T,自动
福特 福克斯 2015款 两厢 EcoBoost 180 自动精英型,6.80,7.2万公里,1.5T,自动
大众 undefined 帕萨特新能源 2020款 1.4T 自动,18.68,0.01万公里,1.4L,自动
日产 轩逸 2016款 1.6XE CVT舒适版,7.83,3.45万公里,1.6L,自动
斯柯达 晶锐 2017款 1.4L 自动车享版,5.80,2.68万公里,1.4L,自动
别克 威朗 2020款 20T CVT豪华型,10.80,0.49万公里,1.3T,自动
新宝骏RM-5 2019款 1.5T CVT 24小时在线尊贵型 7座,9.80,0.39万公里,1.5T,自动
长安CS75 2014款 2.0L 手动豪华型 国IV,5.50,6.28万公里,2.0L,手动
大众 途观 2015款 1.8TSI 自动两驱豪华型,12.60,5.27万公里,1.8T,自动
吉利 帝豪 2016款 三厢 1.5L 手动向上版,3.80,4.46万公里,1.5L,手动
本田 缤智 2018款 1.5L CVT两驱科技精英型,10.98,2.02万公里,1.5L,自动
福特 锐界 2016款 EcoBoost 245 两驱豪锐型 7座,19.48,2.6万公里,2.0T,自动
斯巴鲁 力狮 2016款 2.5i 全驱荣耀版,15.80,4.45万公里,2.5L,自动
福特 福克斯 2015款 三厢 1.6L 自动风尚型,6.20,9.49万公里,1.6L,自动
奥迪A6L 2014款 TFSI 标准型,18.30,12.47万公里,2.0T,自动
东风风神A60 2016款 1.5L 手动尊贵型,3.50,7.86万公里,1.5L,手动
大众 2019款 宝来·传奇 1.5L 自动时尚型 国VI,8.10,2.3万公里,1.5L,自动
斯柯达 明锐 2019款 旅行车 TSI230 DSG豪华版 国VI,10.68,0.01万公里,1.2T,自动
北汽幻速S7 2018款 1.5T 自动尊贵型,5.80,3.47万公里,1.5T,自动
MG6 2014款 掀背 1.8T 自动性能版,4.80,11.38万公里,1.8T,自动
斯巴鲁 森林人 2013款 2.5i 自动尊贵版,12.90,14.93万公里,2.5L,自动
斯柯达Yeti 2016款 1.4TSI DSG创行版,7.98,5.9万公里,1.4T,自动
斯柯达 明锐 2019款 TSI280 DSG智行豪华版 国VI,9.16,0.1万公里,1.4T,自动
MINI Countryman 2014款 1.6T COOPER ALL4 Fun,14.98,7.64万公里,1.6T,自动
大众 探岳 2019款 380TSI 四驱旗舰型 国VI,25.66,0.28万公里,2.0T,自动
现代 全新胜达 2013款 改款 2.4L 自动四驱智能型,10.80,9.88万公里,2.4L,自动
日产 逍客 2016款 2.0L CVT精英版,10.58,6.76万公里,2.0L,自动
日产 逍客 2019款 2.0L CVT豪华版,14.30,1.35万公里,2.0L,自动
福特 福克斯 2017款 三厢 1.6L 手动舒适型智行版,6.98,8.96万公里,1.6L,手动
起亚 狮跑 2009款 2.0L 手动两驱版GL,2.98,11.62万公里,2.0L,手动
雪铁龙C4L 2014款 1.8L 智驱版 手动劲智型,4.30,15.4万公里,1.8L,手动
丰田 卡罗拉 2017款 改款 1.2T S-CVT GL,8.50,4.54万公里,1.2T,自动
大众 高尔夫 2016款 1.6L 自动舒适型,8.80,8.96万公里,1.6L,自动
别克 凯越 2015款 1.5L 手动经典型,4.18,6.01万公里,1.5L,手动
奥迪Q5 2012款 2.0TFSI 技术型,16.30,5.83万公里,2.0T,自动
丰田 汉兰达 2015款 2.0T 四驱豪华版 7座,24.30,6.94万公里,2.0T,自动
众泰T600 2014款 1.5T 手动尊贵型,3.50,5.57万公里,1.5T,手动
传祺GS4 2015款 200T G-DCT精英版,5.98,9.33万公里,1.3T,自动
别克GL8 2014款 2.4L 经典版,10.80,10.38万公里,2.4L,自动
大众 途观 2013款 1.8TSI 手动两驱风尚版,8.00,9.71万公里,1.8T,手动
林肯MKZ 2014款 2.0T 尊享版,15.50,9.97万公里,2.0T,自动
宝马5系 2013款 525Li 豪华型,21.68,8.07万公里,2.0T,自动
沃尔沃XC60 2011款 2.0T 舒适版(进口),9.61,14.04万公里,2.0T,自动
现代ix35 2012款 2.0L 自动两驱精英版GLS,6.60,6.32万公里,2.0L,自动
丰田 卡罗拉 2017款 1.2T CVT GL-i,8.68,3.83万公里,1.2T,自动
雪佛兰 科沃兹 2019款 320 自动欣享版,6.68,1.09万公里,1.5L,自动
奔驰GLA级 2016款 GLA 220 4MATIC 时尚型,17.98,3.67万公里,2.0T,自动
大众 途锐 2011款 3.0TSI 标配型(进口),24.30,11.23万公里,3.0T,自动
本田 缤智 2017款 1.5L CVT两驱舒适型,8.59,2.68万公里,1.5L,自动
丰田 普拉多 2016款 2.7L 自动标准版,41.00,4.68万公里,2.7L,自动
凯迪拉克ATS-L 2016款 28T 领先型,14.98,9.39万公里,2.0T,自动
大众 帕萨特 2014款 1.8TSI DSG尊荣版,10.08,17.96万公里,1.8T,自动
日产 逍客 2016款 2.0L CVT精英版,10.76,4万公里,2.0L,自动
宝马5系 2014款 520Li 典雅型,21.99,17.1万公里,2.0T,自动
现代ix25 2015款 1.6L 自动两驱智能型GLS,7.68,5.25万公里,1.6L,自动
大众 捷达 2015款 质惠版 1.6L 自动时尚型,5.98,8.7万公里,1.6L,自动
大众 朗逸 2019款 1.5L 自动舒适版 国VI,10.99,1.9万公里,1.5L,自动
起亚 智跑 2011款 2.0L 自动两驱版Premium,6.50,11.35万公里,2.0L,自动
福特 翼搏 2017款 1.5L 自动风尚型,6.13,3.47万公里,1.5L,自动
奥迪A1 2014款 30 TFSI Sportback时尚型(进口),10.30,3.63万公里,1.4T,自动
本田XR-V 2017款 1.8L EXi CVT舒适版,12.20,1.74万公里,1.8L,自动
中华 骏捷FRV 2010款 1.3L 手动舒适型,0.85,14.6万公里,1.3L,手动
起亚KX CROSS 2017款 1.4L AT GLS,6.83,1.81万公里,1.4L,自动
福特 福克斯 2015款 两厢 1.6L 自动舒适型,6.20,5.33万公里,1.6L,自动
本田 缤智 2017款 1.5L CVT两驱舒适型,10.70,3.18万公里,1.5L,自动
福特 蒙迪欧 2013款 2.0L GTDi200时尚型,10.68,9.51万公里,2.0T,自动
福特 福睿斯 2017款 改款 1.5L 自动舒适型,6.50,2.62万公里,1.5L,自动
东南 V5菱致 2012款 1.5L CVT舒适型,3.20,8.88万公里,1.5L,自动
起亚 智跑 2014款 2.0L 自动两驱版GL,7.20,9.24万公里,2.0L,自动
斯柯达 明锐 2012款 1.6L 自动逸杰版,4.90,7.99万公里,1.6L,自动
宝马3系 2014款 320Li 时尚型,18.28,5.72万公里,2.0T,自动
斯柯达 昊锐 2012款 1.4TSI DSG智雅版,4.68,15.69万公里,1.4T,自动
斯柯达 速派 2019款 TSI280 DSG标准版,13.88,0.01万公里,1.4T,自动
大众 朗逸 2019款 1.5L 自动风尚版 国VI,9.98,0.01万公里,1.5L,自动
大众 朗逸 2019款 1.5L 自动风尚版 国VI,9.98,0.01万公里,1.5L,自动
大众 朗逸 2019款 1.5L 自动风尚版 国VI,9.98,0.01万公里,1.5L,自动
现代 索纳塔八 2013款 2.0L 自动豪华版,6.50,7.71万公里,2.0L,自动
丰田 卡罗拉 2012款 炫装版 1.6L 自动GL,5.82,8.84万公里,1.6L,自动
英菲尼迪ESQ 2014款 1.6L 率性版(进口),12.80,2万公里,1.6L,自动
丰田 汉兰达 2015款 2.0T 两驱精英版 5座,19.50,11.13万公里,2.0T,自动
现代 全新胜达 2013款 2.4L 自动两驱智能型,11.38,6.76万公里,2.4L,自动
长安CS15 2016款 1.5L 手动尊贵版,3.68,3.2万公里,1.5L,手动
日产 逍客 2016款 2.0L CVT精英版,9.58,7.53万公里,2.0L,自动
雪佛兰 2015款 赛欧3 1.5L 手动理想天窗版,3.49,3.8万公里,1.5L,手动
奔驰GLA级 2015款 GLA 220 4MATIC 时尚型,17.28,4.97万公里,2.0T,自动
奔驰E级 2010款 E 200 CGI 优雅型(进口),10.30,13.73万公里,1.8T,自动
日产 轩逸 2012款 经典 1.6XE 手动舒适版,5.58,5.69万公里,1.6L,手动
福特 福克斯 2015款 两厢 1.6L 自动风尚型,6.20,4.87万公里,1.6L,自动
福特 福克斯 2012款 两厢 1.6L 自动风尚型,5.80,10.28万公里,1.6L,自动
起亚 焕驰 2017款 1.4L 手动豪华版Deluxe,4.98,2.05万公里,1.4L,手动
中华 尊驰 2008款 改款 1.8T 手动豪华型,1.95,10.89万公里,1.8T,手动
菲亚特 菲翔 2012款 1.4T 自动悦享版,3.30,12.95万公里,1.4T,自动
大众 帕萨特 2016款 380TSI DSG御尊版,13.80,4.46万公里,2.0T,自动
日产 天籁 2016款 2.0L XL舒适版,13.28,7.83万公里,2.0L,自动
本田 艾力绅 2016款 2.4L 风尚版,25.18,5.17万公里,2.4L,自动
日产 逍客 2011款 2.0XL 火 CVT 2WD,5.98,11.99万公里,2.0L,自动
大众 朗逸 2015款 1.6L 手动舒适版,5.80,5.36万公里,1.6L,手动
大众 宝来 2019款 改款 1.5L 自动精英型 国VI,10.30,1.52万公里,1.5L,自动
起亚 智跑 2012款 2.0L 自动两驱版NAVI,6.88,7.91万公里,2.0L,自动
本田 思域 2009款 1.8L 手动经典版,3.48,12.89万公里,1.8L,手动
雪佛兰 科鲁兹 2015款 1.5L 自动时尚导航版,5.50,8.56万公里,1.5L,自动
大众 高尔夫 2012款 1.6 自动舒适型,7.10,5.91万公里,1.6L,自动
宝马X1 2012款 sDrive18i 豪华型,10.60,12.53万公里,2.0L,自动
现代 途胜 2015款 1.6T 双离合两驱智能型,11.60,6.55万公里,1.6T,自动
马自达CX-5 2013款 2.5L 自动四驱豪华型,9.88,16.12万公里,2.5L,自动
别克 凯越 2013款 1.5L 自动经典型,3.50,8.25万公里,1.5L,自动
别克 昂科威 2014款 28T 四驱豪华型,14.50,6.04万公里,2.0T,自动
奥迪Q3 2015款 30 TFSI 舒适型,14.88,9.9万公里,1.4T,自动
东风风神AX7 2015款 2.0L 手动智逸型,5.20,7.79万公里,2.0L,手动
吉利 远景X3 2019款 升级版 1.5L CVT尊贵型,5.08,0.47万公里,1.5L,自动
斯柯达 速派 2016款 TSI330 DSG创行版,9.80,5.6万公里,1.8T,自动
宝马5系 2014款 525Li 领先型,24.75,11.33万公里,2.0T,自动
大众 途观 2010款 1.8TSI 自动两驱都会版,6.50,11.5万公里,1.8T,自动
日产 轩逸 2016款 1.6XL  CVT尊享版,8.10,6.36万公里,1.6L,自动
别克 君威 2012款 2.0L 舒适版,6.08,9.55万公里,2.0L,自动
大众 Passat领驭 2009款 1.8T 手动尊享型,3.28,12.55万公里,1.8T,手动
别克GL8 2014款 3.0L GT豪华商务豪雅版,18.80,6.35万公里,3.0L,自动
哈弗H6 2012款 1.5T 手动两驱精英型,3.65,6.81万公里,1.5T,手动
大众 尚酷 2010款 2.0TSI 豪华版(进口),8.80,11.54万公里,2.0T,自动
英菲尼迪ESQ 2014款 1.6L 率性版(进口),10.50,5.68万公里,1.6L,自动
奔驰GLK级 2014款 GLK 260 4MATIC 动感型,20.60,6.69万公里,2.0T,自动
别克 君越 2010款 2.4L豪雅版,5.99,15.78万公里,2.4L,自动
雪铁龙C4L 2016款 1.6T 自动精英型,7.68,6.16万公里,1.6T,自动
大众 朗逸 2017款 1.6L 自动风尚版,8.10,3.7万公里,1.6L,自动
林肯MKC 2014款 2.0T 两驱尊雅版,17.50,7.33万公里,2.0T,自动
宝骏510 2017款 1.5L 自动时尚型,4.68,3.66万公里,1.5L,自动
丰田 卡罗拉 2014款 1.6L CVT GL,7.98,6.74万公里,1.6L,自动
大众POLO 2018款 1.5L 自动安享型,7.70,3.7万公里,1.5L,自动
吉利 远景 2017款 1.5L 自动幸福版,4.50,5.74万公里,1.5L,自动
标致408 2015款 1.2T 自动豪华版,6.20,9.4万公里,1.2T,自动
比亚迪F3R 2009款 金钻版 1.5L 时尚型 GLX-i,1.00,6.22万公里,1.5L,手动
长安CS75 2016款 1.8T 自动精英型 国V,5.86,5.86万公里,1.8T,自动
大众 朗逸 2013款 改款经典 1.6L 手动舒适版,4.98,7.95万公里,1.6L,手动
雪佛兰 科鲁兹 2015款 1.5L 经典 SE AT,5.98,2.28万公里,1.5L,自动
大众 朗逸 2017款 1.6L 自动风尚版,8.50,2.32万公里,1.6L,自动
起亚 福瑞迪 2018款 1.6L 自动智享互联版Value-Connect,6.58,3.19万公里,1.6L,自动
大众 高尔夫 2017款 280TSI 自动R-Line百万辆纪念版,12.00,3.08万公里,1.4T,自动
马自达 昂克赛拉 2017款 三厢 1.5L 自动舒适型 国V,8.98,4.45万公里,1.5L,自动
奔驰A级 2017款 改款 A 200 时尚型(进口),18.80,3.8万公里,1.6T,自动
雪佛兰 迈锐宝 2016款 1.6T 自动舒适版,7.90,6.81万公里,1.6T,自动
起亚K3 2017款 1.6L 自动15周年特别版GLS,8.20,2.87万公里,1.6L,自动
大众 捷达 2015款 质惠版 1.6L 自动时尚型,5.58,8.06万公里,1.6L,自动
福特 福克斯 2017款 三厢 1.6L 自动舒适型智行版,6.28,8.54万公里,1.6L,自动
丰田 汉兰达 2015款 2.0T 四驱豪华版 7座,26.00,3.35万公里,2.0T,自动
大众POLO 2016款 1.4L 自动风尚型,5.60,5.37万公里,1.4L,自动
标致3008 2013款 1.6THP 自动至尚版,5.80,12.11万公里,1.6T,自动
大众 途安 2013款 1.4T 自动舒适版5座,7.60,7.3万公里,1.4T,自动
现代 悦动 2008款 1.6L MT GL,1.80,10.59万公里,1.6L,手动
现代 领动 2018款 1.4T 双离合炫动·活力型,8.28,2.36万公里,1.4T,自动
本田 缤智 2015款 1.8L 手动两驱精英型,8.40,6.14万公里,1.8L,手动
雪佛兰 科鲁兹 2015款 1.5L 经典 SE MT,4.60,5.83万公里,1.5L,手动
Smart smart fortwo 2011款 1.0 MHD 硬顶标准版,4.20,7.98万公里,1.0L,自动
大众 夏朗 2012款 2.0TSI 标配型 欧IV(进口),9.72,16.79万公里,2.0T,自动
长安CS75 2016款 1.8T 自动精英型 国V,6.68,6.67万公里,1.8T,自动
日产 骐达 2011款 1.6L CVT智能型,5.50,10.03万公里,1.6L,自动
MINI Countryman 2011款 1.6T COOPER S ALL4,12.30,9.68万公里,1.6T,自动
丰田 雷凌 2017款 1.2T G CVT精英版,8.69,5.98万公里,1.2T,自动
大众 高尔夫·嘉旅 2016款 280TSI 自动旗舰型,12.98,4.09万公里,1.4T,自动
福特 福克斯 2012款 三厢 1.6L 自动风尚型,5.68,6.82万公里,1.6L,自动
东南DX3 2016款 1.5T CVT旗舰型,6.29,4.04万公里,1.5T,自动
林肯MKX 2015款 2.0T 四驱尊雅版,22.98,6.64万公里,2.0T,自动
起亚 奕跑 2019款 1.4L 自动趣享版 国VI,6.90,1.34万公里,1.4L,自动
别克 英朗 2014款 XT 1.6L 手动进取版,4.68,7.85万公里,1.6L,手动
斯柯达 昕动 2016款 改款 TSI230 DSG智行版,6.60,8.15万公里,1.4T,自动
宝马5系 2013款 525Li 领先型,19.90,13.26万公里,2.0T,自动
奔驰B级 2015款 B 200 时尚型(进口),14.98,5.94万公里,1.6T,自动
日产 逍客 2016款 2.0L CVT精英版,9.88,3.78万公里,2.0L,自动
大众 凌渡 2015款 230TSI DSG风尚版,8.80,8.2万公里,1.4T,自动
起亚KX CROSS 2017款 1.4L AT GLS,6.50,4.41万公里,1.4L,自动
雷克萨斯IS 2017款 300 F SPORT版,29.39,2.1万公里,2.0T,自动
东风风行 菱智 2017款 M3L 1.6L 7座舒适型,4.00,5.57万公里,1.6L,手动
大众 高尔夫 2015款 1.4TSI 自动舒适型,8.80,5.62万公里,1.4T,自动
凯迪拉克XTS 2013款 28T 豪华型,13.83,9.43万公里,2.0T,自动
福特 福睿斯 2017款 改款 1.5L 自动舒适型,7.38,2.21万公里,1.5L,自动
现代 菲斯塔 2019款 280TGDi 运动版 国VI,10.98,2.8万公里,1.6T,自动
日产 骊威 2013款 1.6XE CVT舒适版,5.30,7.17万公里,1.6L,自动
雪佛兰 迈锐宝 2012款 2.4L 自动豪华版,5.88,9.63万公里,2.4L,自动
别克 凯越 2013款 1.5L 自动经典型,3.98,15.3万公里,1.5L,自动
奥迪A4L 2015款 35 TFSI 自动标准型,15.80,9.63万公里,2.0T,自动
奔驰GLK级 2015款 GLK 260 4MATIC 动感型 极致版,21.90,9.17万公里,2.0T,自动
大众 捷达 2015款 1.6L 手动时尚型,4.48,8.42万公里,1.6L,手动
雪佛兰 科鲁兹 2012款 1.8L SE AT,3.80,5.7万公里,1.8L,自动
本田 凌派 2019款 180Turbo CVT豪华版 国VI,10.36,1.6万公里,1.0T,自动
宝马X3 2013款 改款 xDrive28i 豪华型(进口),24.50,7.83万公里,2.0T,自动
雪佛兰 科鲁兹 2013款 掀背 1.6L 自动豪华型,4.00,7.26万公里,1.6L,自动
宝马X1 2014款 sDrive18i 领先型,14.60,6.05万公里,2.0T,自动
现代ix35 2012款 2.0L 自动两驱精英版GLS,6.40,8.6万公里,2.0L,自动
荣威360 2015款 1.5L 自动豪华版,4.88,5.14万公里,1.5L,自动
大众 速腾 2012款 1.8TSI 自动旗舰版,6.90,11.1万公里,1.8T,自动
别克GL8 2014款 2.4L 舒适版,12.60,8.21万公里,2.4L,自动
丰田 威驰 2017款 1.5L CVT创行版,6.60,5.87万公里,1.5L,自动
现代ix25 2015款 1.6L 手动两驱时尚型GS,5.99,4.11万公里,1.6L,手动
奔驰C级 2015款 C 200 运动版,20.28,11.87万公里,2.0T,自动
丰田 卡罗拉 2017款 改款 1.2T S-CVT GL,9.50,4.14万公里,1.2T,自动
大众 甲壳虫 2013款 1.2TSI 时尚型(进口),8.80,9.54万公里,1.2T,自动
标致207 2011款 三厢 1.4L 手动驭乐版,1.99,4.92万公里,1.4L,手动
Jeep 指南者 2017款 200T 自动家享版,11.80,1.9万公里,1.4T,自动
雪佛兰 科帕奇 2017款 2.4L 两驱豪华版 7座,9.30,5.07万公里,2.4L,自动
起亚K3 2016款 1.6L 自动GLS,6.20,6.31万公里,1.6L,自动
福特 福睿斯 2017款 改款 1.5L 自动舒适型,5.78,8.34万公里,1.5L,自动
本田 思域 2016款 220TURBO CVT豪华版,13.00,2.56万公里,1.5T,自动
大众 宝来 2018款 1.5L 自动时尚型,8.88,0.95万公里,1.5L,自动
哈弗H7 2019款 2.0T 智享型 国V,11.80,1.36万公里,2.0T,自动
五菱荣光V 2016款 1.2L实用型,3.20,5.41万公里,1.2L,手动
本田 思域 2016款 220TURBO CVT尊贵版,13.28,3.38万公里,1.5T,自动
吉利 远景X3 2019款 升级版 1.5L CVT精英型,5.30,0.96万公里,1.5L,自动
现代 途胜 2015款 1.6T 双离合两驱智能型,10.88,6.41万公里,1.6T,自动
雪佛兰 科鲁兹 2013款 1.6L SE MT,3.84,3.12万公里,1.6L,手动
别克GL8 2014款 3.0L XT豪华商务旗舰版,14.50,7.45万公里,3.0L,自动
日产 奇骏 2014款 2.0L CVT舒适版 2WD,10.60,6.24万公里,2.0L,自动
现代ix25 2015款 1.6L 自动两驱智能型GLS,6.58,8.64万公里,1.6L,自动
福特 翼虎 2013款 1.6L GTDi 两驱风尚型,8.30,9.29万公里,1.6T,自动
日产 奇骏 2014款 2.0L CVT舒适版 2WD,12.38,5.44万公里,2.0L,自动
凯迪拉克XTS 2016款 28T 技术型,16.28,5.62万公里,2.0T,自动
现代 途胜 2015款 1.6T 双离合两驱智能型,11.38,2.98万公里,1.6T,自动
斯巴鲁XV 2012款 2.0i 豪华版,9.00,9.59万公里,2.0L,自动
别克 英朗 2018款 15T 双离合进取型 国V,6.38,6.47万公里,1.0T,自动
现代 朗动 2012款 1.6L 自动领先型,5.68,7.83万公里,1.6L,自动
别克 威朗 2016款 两厢GS 20T 双离合豪情运动型,8.98,4.85万公里,1.5T,自动
别克 威朗 2018款 三厢 15S 自动领先型,8.70,3.21万公里,1.5L,自动
本田 奥德赛 2015款 2.4L 智享版,18.80,8.13万公里,2.4L,自动
大众 高尔夫 2018款 230TSI 自动豪华型,12.18,2.74万公里,1.4T,自动
马自达CX-5 2012款 2.0L 四驱豪华版(进口),9.30,10.36万公里,2.0L,自动
雪佛兰 爱唯欧 2011款 三厢 1.4L MT SL,2.75,11.92万公里,1.4L,手动
起亚K3 2016款 1.6L 自动天窗版,8.30,3.26万公里,1.6L,自动
大众 高尔夫 2012款 1.4TSI 自动舒适型,7.98,8.35万公里,1.4T,自动
日产 骐达 2008款 1.6L 手动智能型,2.62,7.62万公里,1.6L,手动
宝马5系 2013款 525Li 豪华型,21.80,8.82万公里,2.0T,自动
雪佛兰 科沃兹 2019款 320 自动欣享天窗版,6.92,2.34万公里,1.5L,自动
福特 福克斯 2018款 三厢经典 1.6L 自动风尚型智行版,7.30,8.11万公里,1.6L,自动
丰田 凯美瑞 2016款 双擎 2.5HG 十周年纪念豪华导航版,19.58,4.04万公里,2.5L,自动
大众 宝来 2018款 1.5L 自动时尚型,7.45,7.53万公里,1.5L,自动
日产 轩逸 2016款 1.6XL  CVT尊享版,8.50,6.37万公里,1.6L,自动
海马 福美来 2013款 三厢 1.6L 手动风尚版,2.20,7.66万公里,1.6L,手动
日产 骐达 2014款 1.6L CVT舒适型,6.68,8.2万公里,1.6L,自动
奇瑞 瑞虎 2012款 精英版 1.6L 手动舒适型DVVT,1.90,5.35万公里,1.6L,手动
起亚 福瑞迪 2009款 1.6L AT GL,3.20,12.15万公里,1.6L,自动
道奇 酷威 2013款 2.4L 两驱智尚版(进口),13.80,6.87万公里,2.4L,自动
林肯MKZ 2014款 2.0T 尊耀版,15.60,6.58万公里,2.0T,自动
大众POLO 2012款 1.6L Cross POLO AT,5.32,8.1万公里,1.6L,自动
日产 轩逸 2016款 1.6XE CVT舒适版,7.85,5.11万公里,1.6L,自动
现代 悦动 2010款 1.6L MT GL,2.50,12.96万公里,1.6L,手动
丰田 YARiS L 致炫 2019款 1.5E CVT魅动版 国VI,7.40,2.25万公里,1.5L,自动
起亚KX5 2016款 2.0L 自动两驱Premium,11.30,5.26万公里,2.0L,自动
Jeep 指南者 2014款 2.4L 四驱豪华版(进口),8.70,8.73万公里,2.4L,自动
别克 君威 2015款 1.6T 领先技术型,9.58,3.21万公里,1.6T,自动
别克 君威 2017款 20T 精英型,11.88,6.32万公里,1.5T,自动
丰田 威驰FS 2017款 1.5L CVT锋驰版,6.80,3.62万公里,1.5L,自动
现代ix25 2015款 1.6L 自动两驱智能型GLS,8.20,8.62万公里,1.6L,自动
奔驰C级 2011款 C 200 时尚旅行版(进口),14.98,11.51万公里,1.8T,自动
福特 蒙迪欧 2013款 1.5L GTDi180时尚型,8.50,11.64万公里,1.5T,自动
别克 君越 2012款 2.4L SIDI雅致版,7.80,13.75万公里,2.4L,自动
丰田 威驰 2017款 1.5L CVT创行版,7.00,4.83万公里,1.5L,自动
日产 阳光 2015款 1.5XE CVT舒适版,6.58,2.79万公里,1.5L,自动
大众 朗逸 2013款 改款经典 1.6L 自动风尚版,4.88,7.43万公里,1.6L,自动
传祺GS4 2015款 200T 手动精英版,5.88,5.4万公里,1.3T,手动
起亚K2 2017款 三厢 1.4L AT GLS,5.60,2.65万公里,1.4L,自动
日产 轩逸 2014款 1.6XV CVT尊享版,7.90,7.54万公里,1.6L,自动
本田XR-V 2015款 1.8L EXi  CVT舒适版,10.83,7.17万公里,1.8L,自动
大众 凌渡 2015款 230TSI DSG风尚版,9.50,4.93万公里,1.4T,自动
日产 楼兰 2015款 2.5L XV RES 两驱豪华版,15.90,9.87万公里,2.5L,自动
雪佛兰 沃兰多 2019款 Redline 530T 自动纵享版（5+2款） 国VI,11.50,0.54万公里,1.3T,自动
大众 凌渡 2015款 280TSI DSG舒适版,10.80,6.85万公里,1.4T,自动
福特 福克斯 2015款 两厢 EcoBoost 180 自动精英型,7.40,3.68万公里,1.5T,自动
马自达6 2012款 2.0L 自动时尚型,5.28,11.35万公里,2.0L,自动
大众 捷达 2017款 1.5L 自动舒适型,6.68,7.72万公里,1.5L,自动
别克 昂科威 2016款 20T 两驱精英型,12.18,2.34万公里,1.5T,自动
现代ix25 2015款 1.6L 自动两驱智能型GLS,7.60,7.38万公里,1.6L,自动
日产 轩逸 2016款 1.6XL CVT豪华版,8.49,5.01万公里,1.6L,自动
雪佛兰 科鲁兹 2015款 1.5L 经典 SL MT,4.70,5.94万公里,1.5L,手动
标致408 2015款 1.2T 自动豪华版,6.28,7.66万公里,1.2T,自动
大众CC 2013款 2.0TSI 至尊型,14.68,9.07万公里,2.0T,自动
宝骏730 2014款 1.5L 手动豪华导航ESP版 7座,3.70,5.79万公里,1.5L,手动
起亚K3 2015款 1.6L 自动GL,5.88,3.61万公里,1.6L,自动
现代 瑞纳 2014款 1.4L 手动智能型GLS,3.27,6.71万公里,1.4L,手动
福特 福克斯 2018款 三厢经典 1.6L 自动舒适型智行版,7.50,4.6万公里,1.6L,自动
沃尔沃V40 2017款 T3 智逸版(进口),13.28,3.09万公里,1.5T,自动
丰田 汉兰达 2012款 2.7L 两驱5座精英版,15.60,9.04万公里,2.7L,自动
福特 福克斯 2015款 三厢 1.6L 自动风尚型,6.78,8.69万公里,1.6L,自动
菲亚特 菲翔 2014款 1.4T 手动劲享版,3.56,6.91万公里,1.4T,手动
雷诺 科雷缤 2019款 TCe270 自动劲享型,11.00,0.24万公里,2.5T,自动
保时捷Cayenne 2011款 Cayenne 3.0T,40.80,10.8万公里,3.0T,自动
本田 飞度 2018款 1.5L CVT舒适天窗版,8.26,4.3万公里,1.5L,自动
大众POLO 2014款 1.4L 手动舒适版,4.68,5.2万公里,1.4L,手动
奔驰C级 2015款 改款 C 180 L 运动型,21.80,4.8万公里,1.6T,自动
斯柯达 明锐 2013款 1.6L 手动逸杰版,4.00,7.43万公里,1.6L,手动
宝马5系 2011款 523Li 豪华型,17.80,11.6万公里,2.5L,自动
大众 途观 2015款 1.8TSI 自动两驱豪华型,11.78,5.36万公里,1.8T,自动
大众 高尔夫 2016款 230TSI 自动舒适型,9.48,3万公里,1.4T,自动
大众POLO 2018款 1.5L 自动安享型,7.88,0.77万公里,1.5L,自动
别克GL8 2014款 2.4L 经典版,12.58,7.81万公里,2.4L,自动
别克 昂科威 2014款 28T 四驱精英型,12.18,6万公里,2.0T,自动
马自达6 2011款 2.0L 自动时尚型,5.39,5.95万公里,2.0L,自动
丰田 雷凌 2019款 185T CVT豪华版 国VI,11.80,0.1万公里,1.2T,自动
别克GL8 2014款 2.4L 经典版,8.20,6.2万公里,2.4L,自动
奔驰GLK级 2015款 GLK 300 4MATIC 时尚型 极致版,23.80,6.8万公里,3.0L,自动
大众 捷达 2008款 CIX-P伙伴型,1.88,9.26万公里,1.6L,手动
斯柯达 明锐 2018款 TSI230 DSG豪华优享版,9.68,1.57万公里,1.2T,自动
大众 途锐 2011款 3.0TSI 舒适型(进口),22.98,12万公里,3.0T,自动
上汽大通 大通G10 2016款 2.0T 自动时尚版,7.98,5.24万公里,2.0T,自动
大众 甲壳虫 2015款 280TSI(进口),12.50,5.84万公里,1.4T,自动
日产 骐达 2011款 1.6L CVT智能型,5.40,7.34万公里,1.6L,自动
别克 君越 2013款 2.4L SIDI领先舒适型,9.98,10.7万公里,2.4L,自动
宝马X1 2014款 sDrive18i 领先型,15.90,3.84万公里,2.0T,自动
雪佛兰 科鲁兹 2015款 1.5L 经典 SE AT,5.11,5.97万公里,1.5L,自动
大众 蔚领 2018款 230TSI DSG舒适型,11.00,0.91万公里,1.4T,自动
福特 福睿斯 2015款 1.5L 自动舒适型,5.80,8.53万公里,1.5L,自动
大众 宝来 2016款 1.6L 自动豪华型,7.17,11.8万公里,1.6L,自动
奥迪Q3 2017款 35 TFSI 时尚型,17.98,4.8万公里,2.0T,自动
斯柯达 明锐 2015款 1.6L 自动逸杰版,6.18,4.05万公里,1.6L,自动
现代 途胜 2015款 1.6T 双离合两驱智能型,10.80,7.77万公里,1.6T,自动
日产 蓝鸟 2019款 1.6L CVT智联智酷版 国V,9.58,1.12万公里,1.6L,自动
吉利 经典帝豪 2010款 两厢 1.5L 手动舒适型,1.48,8.89万公里,1.5L,手动
奔驰C级 2015款 C 180 L 运动型,20.48,8.41万公里,1.6T,自动
福特 翼搏 2013款 1.5L 自动尊贵型,5.30,7.24万公里,1.5L,自动
本田 飞度 2016款 1.5L SE CVT时尚型,6.88,3.15万公里,1.5L,自动
起亚 凯绅 2017款 1.8L 自动DLX,8.00,5.69万公里,1.8L,自动
大众 捷达 2015款 1.6L 自动舒适型,5.58,7.51万公里,1.6L,自动
哈弗H2 2016款 红标 1.5T 自动两驱豪华型,6.18,5.91万公里,1.5T,自动
丰田 卡罗拉 2017款 改款 1.2T S-CVT GL,10.60,1.68万公里,1.2T,自动
丰田 凯美瑞 2012款 尊瑞 2.5HG 豪华版,12.50,16.41万公里,2.5L,自动
宝马1系 2016款 118i 领先型(进口),13.80,5.3万公里,1.5T,自动
奔驰C级 2015款 改款 C 200 L 运动型,23.98,3.91万公里,2.0T,自动
菲亚特 致悦 2014款 1.4T 自动运动版,6.10,6.38万公里,1.4T,自动
福特 福克斯 2012款 三厢 1.6L 自动舒适型,4.88,8.73万公里,1.6L,自动
雪佛兰 科沃兹 2018款 320 手动欣享版,4.68,4.56万公里,1.5L,手动
丰田 YARiS L 致炫 2016款 改款 1.5E CVT魅动版,7.15,1.66万公里,1.5L,自动
雪铁龙 爱丽舍 2016款 1.6L 自动时尚型,4.20,5.04万公里,1.6L,自动
日产 阳光 2014款 1.5XE 手动舒适版,3.63,5.02万公里,1.5L,手动
大众 朗逸 2013款 改款 1.4TSI DSG舒适版,6.38,9.58万公里,1.4T,自动
奔驰C级 2015款 C 180 L 运动型,19.98,16.25万公里,1.6T,自动
现代ix35 2012款 2.0L 自动两驱精英版GLS,6.20,9.53万公里,2.0L,自动
铃木 天语 SX4 2012款 1.6L 自动锐骑型,4.00,6.86万公里,1.6L,自动
长安CS35 2017款 1.6L 自动豪华型,6.10,2.99万公里,1.6L,自动
大众 速腾 2014款 改款 1.4TSI 自动豪华型,8.80,7.01万公里,1.4T,自动
大众POLO 2014款 1.6L 自动舒适版,5.70,7.52万公里,1.6L,自动
宝马5系 2014款 520i 典雅型(进口),24.98,8.17万公里,2.0T,自动
日产 奇骏 2017款 2.5L CVT豪华版 4WD,18.50,1.02万公里,2.5L,自动
本田 雅阁 2011款 2.0L EX,7.58,12.12万公里,2.0L,自动
别克 凯越 2008款 1.6LE-MTNavi,3.09,9.6万公里,1.6L,手动
现代ix35 2010款 2.0L 自动四驱尊贵版GLS,4.98,10.93万公里,2.0L,自动
领克02 2018款 1.5T DCT两驱耀Pro版 国V,11.00,3.29万公里,1.5T,自动
大众 朗逸 2013款 1.6L 自动风尚版,5.88,7.99万公里,1.6L,自动
2020款 别克 威朗 1.3T 自动 （公司定制版）,12.58,0.01万公里,1.3L,自动
大众 朗逸 2017款 230TSI DSG舒适版,9.90,2.11万公里,1.4T,自动
雪佛兰 科鲁兹 2015款 1.5L 经典 SE AT,4.90,4.51万公里,1.5L,自动
宝马5系 2014款 525Li 风尚设计套装,25.50,7.19万公里,2.0T,自动
别克 君威 2015款 1.6T 精英技术型,9.18,8.04万公里,1.6T,自动
宝马3系 2016款 320Li 时尚型,20.80,9.59万公里,2.0T,自动
大众 桑塔纳 2015款 1.4L 手动风尚版,4.20,5.37万公里,1.4L,手动
奔驰C级 2010款 C 200 CGI 时尚型,11.30,9.84万公里,1.8T,自动
斯柯达 明锐 2018款 TSI280 DSG豪华版,10.28,3.58万公里,1.4T,自动
大众 高尔夫 2014款 1.4TSI 自动舒适型,8.60,9.49万公里,1.4T,自动
别克 昂科威 2016款 28T 四驱豪华型,14.80,7.31万公里,2.0T,自动
捷豹XE 2015款 2.0T 200PS R-Sport,19.60,3.5万公里,2.0T,自动
斯柯达 明锐 2009款 1.8TSI 自动逸仕版,3.78,10.52万公里,1.8T,自动
日产 逍客 2012款 2.0XL 火 CVT 2WD,6.98,11.22万公里,2.0L,自动
大众 朗逸 2015款 1.6L 手动风尚版,5.61,9.23万公里,1.6L,手动
大众 帕萨特 2014款 1.8TSI DSG尊荣版,9.89,11.01万公里,1.8T,自动
道奇 酷威 2014款 2.4L 两驱旅行版(进口),11.58,6.79万公里,2.4L,自动
别克 英朗 2013款 GT 1.6L 自动时尚版,4.48,11.26万公里,1.6L,自动
丰田 卡罗拉 2019款 1.2T S-CVT GL先锋版,11.20,1.92万公里,1.2T,自动
大众POLO 2009款 劲情 1.4L 自动舒尚版,3.30,13.03万公里,1.4L,自动
奔驰E级 2015款 改款 E 200 L 运动型,25.88,5.8万公里,2.0T,自动
丰田 花冠 2011款 1.6L 手动豪华版,4.50,5.93万公里,1.6L,手动
凯翼C3 2015款 1.5L AMT金钻版,2.80,5.32万公里,1.5L,自动
别克 凯越 2011款 1.6LE-AT,2.68,15.41万公里,1.6L,自动
本田CR-V 2013款 2.0L 四驱经典版,13.38,6.11万公里,2.0L,自动
丰田 汉兰达 2015款 2.0T 四驱豪华版 7座,26.88,5.07万公里,2.0T,自动
本田 思域 2019款 220TURBO CVT劲动版 国V,12.00,1.13万公里,1.5T,自动
本田 哥瑞 2016款 1.5L CVT经典版,6.00,8.9万公里,1.5L,自动
大众 途安 2011款 1.4T 手动智雅版5座,4.18,10.82万公里,1.4T,手动
别克 凯越 2011款 1.6LX-AT,2.98,12.15万公里,1.6L,自动
起亚KX5 2016款 1.6T 自动两驱Premium,8.98,5.6万公里,1.6T,自动
哈弗H6 2011款 2.0L 手动两驱精英型,3.48,10.32万公里,2.0L,手动
大众 途观 2015款 1.8TSI 自动四驱豪华型,12.23,11.82万公里,1.8T,自动
大众 桑塔纳 2013款 1.6L 自动舒适版,4.80,12.97万公里,1.6L,自动
大众 桑塔纳 2015款 1.6L 手动舒适版,4.98,5.11万公里,1.6L,手动
道奇 酷威 2013款 2.4L 两驱尊尚版(进口),8.60,12.29万公里,2.4L,自动
丰田 汉兰达 2015款 2.0T 四驱豪华版 7座,25.90,4.79万公里,2.0T,自动
奔驰C级 2010款 C 300 旅行版(进口),15.18,10.74万公里,3.0L,自动
奥迪Q7 2011款 3.0 TFSI 舒适型(200kW)(进口),19.99,14.81万公里,3.0T,自动
众泰T600 Coupe 2017款 1.5T 自动尊享型,5.40,4.46万公里,1.5T,自动
雪佛兰 科沃兹 2016款 1.5L 自动欣享版,5.68,2.21万公里,1.5L,自动
本田 飞度 2016款 1.5L LX CVT舒适型,6.95,3.04万公里,1.5L,自动
福特 福睿斯 2015款 1.5L 自动舒适型,5.80,3.62万公里,1.5L,自动
哈弗H6 2012款 1.5T 手动两驱精英型,3.40,6.05万公里,1.5T,手动
现代 途胜 2015款 1.6T 双离合两驱智能型,10.30,7.55万公里,1.6T,自动
福特 福克斯 2012款 三厢 1.6L 自动舒适型,4.48,8.74万公里,1.6L,自动
菲亚特 菲翔 2015款 1.4T 自动悦享版,4.58,8.27万公里,1.4T,自动
雪佛兰 科鲁兹 2012款 1.8L SE AT,4.36,7.7万公里,1.8L,自动
现代 领动 2018款 1.4T 双离合炫动·活力型,7.90,3.16万公里,1.4T,自动
传祺GA5新能源 2016款 PHEV 精英版,4.70,5.67万公里,1.0L,自动
宝马3系 2010款 325i 时尚型,7.28,16.77万公里,2.5L,自动
Jeep 大切诺基 2015款 3.0L 舒享导航版(进口),26.50,8.19万公里,3.0L,自动
奥迪A4L 2010款 2.0 TFSI 舒适型,8.40,16.54万公里,2.0T,自动
福特 福克斯 2012款 三厢 1.6L 自动舒适型,5.00,7.75万公里,1.6L,自动
GMC SAVANA 2011款 5.3L 商务之星7座,23.60,11.06万公里,5.3L,自动
大众POLO 2009款 劲情 1.4L 自动舒尚版,3.65,11.94万公里,1.4L,自动
福特 福克斯 2012款 三厢 1.6L 自动舒适型,5.38,7.85万公里,1.6L,自动
荣威i5 2020款 1.5L 自动4G互联领豪版,6.58,0.74万公里,1.5L,自动
宝骏730 2016款 1.5T 手动豪华型 7座,5.68,3.1万公里,1.5T,手动
别克 阅朗 2018款 15T 双离合精英型,6.98,1.95万公里,1.0T,自动
奥迪A4L 2013款 35 TFSI 自动舒适型,14.00,5.01万公里,2.0T,自动
宝马X4 2014款 xDrive20i X设计套装(进口),29.80,3.13万公里,2.0T,自动
新宝骏RM-5 2019款 1.5T CVT 24小时在线豪华型 7座,9.20,3.59万公里,1.5T,自动
日产 轩逸 2014款 1.6XV CVT尊享版,6.95,7.86万公里,1.6L,自动
大众 高尔夫 2015款 1.4TSI 自动舒适型,7.53,11.28万公里,1.4T,自动
别克 威朗 2016款 两厢 15S 自动领先型,7.68,5.65万公里,1.5L,自动
现代 雅绅特 2011款 1.4手动白领型,2.18,10.04万公里,1.4L,手动
宝马X1 2010款 xDrive25i(进口),9.80,10.42万公里,3.0L,自动
大众POLO 2016款 1.6L 自动舒适型,6.28,5.9万公里,1.6L,自动
福特 致胜 2013款 2.3L 豪华型,6.28,12.13万公里,2.3L,自动
标致2008 2014款 1.6L 自动时尚版,5.50,3.48万公里,1.6L,自动
丰田 RAV4 2011款 2.4L 自动四驱至臻导航版,8.90,12.07万公里,2.4L,自动
猎豹CS10 2017款 2.0T 自动都市型,6.10,5.86万公里,2.0T,自动
宝马1系 2015款 118i 领先型(进口),12.00,3.21万公里,1.6T,自动
大众 桑塔纳 2013款 1.4L 手动风尚版,3.40,8.78万公里,1.4L,手动
大众 速腾 2009款 1.8TSI 自动冠军版,3.89,14.33万公里,1.8T,自动
沃尔沃V40 2015款 Cross Country T5 AWD 智雅版(进口),12.99,3.84万公里,2.0T,自动
大众 高尔夫 2014款 1.6L 自动时尚型,6.68,11.35万公里,1.6L,自动
大众 宝来 2016款 1.6L 自动舒适型,7.10,4.02万公里,1.6L,自动
丰田 汉兰达 2015款 2.0T 四驱豪华版 7座,25.20,6.02万公里,2.0T,自动
日产 奇骏 2014款 2.0L CVT舒适版 2WD,14.60,6.04万公里,2.0L,自动
奥迪Q3 2013款 35 TFSI quattro 技术型,14.68,7.58万公里,2.0T,自动
雪佛兰 迈锐宝 2012款 2.4L 自动豪华版,6.30,5.34万公里,2.4L,自动
起亚K2 2012款 三厢 1.6L AT Premium纪念版,3.98,7.47万公里,1.6L,自动
丰田 凯美瑞 2009款 240G 豪华版,7.60,8.62万公里,2.4L,自动
大众 高尔夫 2015款 1.4TSI 自动舒适型,7.99,4.83万公里,1.4T,自动
丰田 YARiS L 致炫 2016款 改款 1.5G CVT炫动天窗版,7.30,1.66万公里,1.5L,自动
奥迪Q3 2015款 35 TFSI 舒适型,13.20,6.93万公里,2.0T,自动
别克 君威 2015款 1.6T 精英技术型,10.18,3.96万公里,1.6T,自动
奔驰GLC级 2016款 GLC 260 4MATIC 动感型,28.80,5.07万公里,2.0T,自动
大众 桑塔纳志俊 2008款 1.8L 手动舒适型,2.80,14.4万公里,1.8L,手动
大众 凌渡 2015款 230TSI DSG风尚版,9.20,7.02万公里,1.4T,自动
日产 轩逸 2012款 1.6XE CVT舒适版,5.98,8.59万公里,1.6L,自动
别克 英朗 2013款 GT 1.6L 自动时尚版,5.60,8.62万公里,1.6L,自动
大众POLO 2012款 1.6L Cross POLO AT,5.38,8.97万公里,1.6L,自动
日产 轩逸 2016款 1.6XL CVT豪华版,8.38,5.85万公里,1.6L,自动
现代 朗动 2016款 1.6L 自动尊贵型,7.78,3.44万公里,1.6L,自动
五菱荣光V 2016款 1.5L实用型,3.20,5.58万公里,1.5L,手动
本田 杰德 2017款 210TURBO CVT风尚版 5座,12.69,5.93万公里,1.5T,自动
本田 思域 2016款 220TURBO CVT尊贵版,11.98,2.87万公里,1.5T,自动
捷豹F-PACE 2019款 2.0T 四驱都市尊享版,33.60,1.61万公里,2.0T,自动
丰田 雷凌 2016款 双擎 1.8H GS CVT精英天窗版,10.38,4.65万公里,1.8L,自动
本田 思域 2016款 180TURBO CVT舒适版,11.00,2.99万公里,1.0T,自动
宝马5系 2018款 528Li 上市特别版,37.80,0.18万公里,2.0T,自动
别克 英朗 2014款 XT 1.6L 手动进取版,4.50,5.65万公里,1.6L,手动
奔驰GLK级 2010款 GLK 300 4MATIC 时尚型(进口),15.30,13.51万公里,3.0L,自动
奔驰E级 2015款 改款 E 260 L 运动型,26.60,5.37万公里,2.0T,自动
丰田 卡罗拉 2017款 1.6L CVT GL,8.45,2.3万公里,1.6L,自动
英菲尼迪ESQ 2014款 1.6L 率性版(进口),12.50,1.59万公里,1.6L,自动
丰田 威驰FS 2017款 1.5L CVT锋驰版,6.88,1.56万公里,1.5L,自动
奥迪Q3 2013款 35 TFSI 舒适型,12.20,13.17万公里,2.0T,自动
众泰Z500 2015款 1.5T CVT豪华型,3.60,4.97万公里,1.5T,自动
大众 高尔夫 2016款 230TSI 自动舒适型,8.97,5.64万公里,1.4T,自动
凯迪拉克CT5 2020款 改款 28T 豪华型,25.20,0.42万公里,2.0T,自动
奥迪Q7 2011款 3.0 TFSI 舒适型(200kW)(进口),22.58,12.53万公里,3.0T,自动
丰田 威驰FS 2017款 1.5L CVT锋驰版,6.68,1.56万公里,1.5L,自动
起亚K2 2015款 三厢 1.4L MT GLS,4.38,5.65万公里,1.4L,手动
丰田 逸致 2014款 星耀 180G CVT舒适版,11.90,4.56万公里,1.8L,自动
奔驰B级 2017款 B 200 豪华型(进口),19.18,1.68万公里,1.6T,自动
哈弗H6 Coupe 2018款 蓝标 1.5T 自动两驱超豪型,9.58,3.25万公里,1.5T,自动
本田 飞度 2014款 1.5L LX CVT舒适型,6.70,5.13万公里,1.5L,自动
日产 蓝鸟 2016款 1.6L CVT炫酷版,8.68,4.45万公里,1.6L,自动
现代 菲斯塔 2019款 280TGDi 智速版 国VI,11.98,2.31万公里,1.6T,自动
宝马3系 2011款 335i敞篷轿跑车(进口),20.80,10.12万公里,3.0T,自动
日产 天籁 2020款 2.0L XL 舒适版,15.18,4.43万公里,2.0L,自动
大众 高尔夫 2017款 230TSI 自动豪华百万辆纪念版,10.88,5.41万公里,1.4T,自动
MG 名爵ZS 2018款 1.5L 自动豪华版 国V,6.70,2.31万公里,1.5L,自动
福特 金牛座 2018款 EcoBoost 245 时尚型 国V,15.98,2.83万公里,2.0T,自动
大众 宝来 2018款 1.5L 自动时尚型,8.10,4.42万公里,1.5L,自动
标致3008 2013款 2.0L 自动潮流版,5.75,6.87万公里,2.0L,自动
大众 速腾 2018款 280TSI DSG熠动版,11.38,2.12万公里,1.4T,自动
日产 轩逸 2012款 经典 1.6XE 自动舒适版,6.00,8.47万公里,1.6L,自动
奇瑞 风云2 2013款 掀背 1.5L 手动锐意版,1.80,9.16万公里,1.5L,手动
雪佛兰 迈锐宝 2014款 1.6T 自动舒适版,6.00,9.12万公里,1.6T,自动
大众 迈腾 2015款 1.8TSI 豪华型,10.90,7.49万公里,1.8T,自动
宝骏630 2012款 1.5L DVVT自动精英型,2.78,8.42万公里,1.5L,自动
宝骏510 2019款 1.5L 自动优享型 国VI,6.64,2.13万公里,1.5L,自动
起亚K3 2016款 1.6L 自动天窗版,6.90,6.24万公里,1.6L,自动
路虎 发现神行 2016款 2.0T HSE,25.98,5.73万公里,2.0T,自动
福特 锐界 2018款 EcoBoost 245 两驱铂锐型 7座 国V,19.88,3.86万公里,2.0T,自动
马自达 昂克赛拉 2016款 三厢 1.5L 自动豪华型,8.80,4.61万公里,1.5L,自动
斯柯达 晶锐 2011款 1.6L 自动晶灵版,2.55,9.3万公里,1.6L,自动
奔驰E级 2019款 E 300 L 运动豪华型,45.40,2.39万公里,2.0T,自动
本田 艾力绅 2016款 2.4L 豪华版,28.60,0.73万公里,2.4L,自动
奥迪Q3 2018款 30周年年型 30 TFSI 时尚型,18.00,2.43万公里,1.4T,自动
雪佛兰 科沃兹 2020款 325T 自动欣悦版 国VI,5.88,1.1万公里,1.0T,自动
宝马1系 2016款 118i 领先型(进口),13.50,6.29万公里,1.5T,自动
福特 蒙迪欧-致胜 2010款 2.3L 时尚型,4.30,15.78万公里,2.3L,自动
日产 天籁 2019款 2.0T XL Upper 智享版,19.55,0.09万公里,2.0T,自动
大众 桑塔纳 2019款 1.5L 手动风尚版 国VI,5.48,1.23万公里,1.5L,手动
别克 凯越 2015款 1.5L 自动经典型,4.60,7.53万公里,1.5L,自动
大众 速腾 2014款 改款 1.4TSI 自动豪华型,8.80,7.33万公里,1.4T,自动
奔驰GLC级 2019款 GLC 260 L 4MATIC 动感型,38.80,1.22万公里,2.0T,自动
大众 途观 2016款 300TSI 自动四驱豪华版,13.88,9.76万公里,1.8T,自动
大众 捷达 2015款 1.6L 自动时尚型,4.90,8.04万公里,1.6L,自动
福特 福睿斯 2017款 改款 1.5L 自动舒适型,6.48,3.27万公里,1.5L,自动
奔驰C级 2010款 C 200 CGI 优雅型,9.20,15.55万公里,1.8T,自动
大众 途安 2008款 2.0L 智享版自动5座,3.80,7.13万公里,2.0L,自动
比亚迪 宋MAX 2017款 1.5T 自动智联尊贵型 7座,8.98,1.81万公里,1.5T,自动
本田 哥瑞 2016款 1.5L 手动经典版,5.50,4.48万公里,1.5L,手动
大众POLO 2016款 1.6L 自动舒适型,6.60,9.6万公里,1.6L,自动
东风风神S30 2012款 1.6L 手动尊雅型,1.95,12.12万公里,1.6L,手动
宝马X1 2019款 sDrive18Li 尊享型,20.60,2.51万公里,1.5T,自动
奥迪Q5 2015款 40 TFSI 舒适型,29.68,0.76万公里,2.0T,自动
现代 朗动 2015款 1.6L 自动领先型,6.50,15.24万公里,1.6L,自动
别克GL8 2014款 2.4L CT豪华商务舒适版,15.58,12.81万公里,2.4L,自动
日产 逍客 2017款 2.0L CVT豪华版 国V,13.20,2.66万公里,2.0L,自动
雪佛兰 赛欧 2010款 三厢 1.2L 手动时尚版,2.38,7.44万公里,1.2L,手动
大众 途安 2013款 1.4T 自动睿智版5座,8.30,10.69万公里,1.4T,自动
保时捷Macan 2017款 Macan S 3.0T,55.60,5万公里,3.0T,自动
大众 桑塔纳 2015款 1.4L 手动风尚版,4.20,7.3万公里,1.4L,手动
奔驰A级 2019款 改款 A 200 L 运动轿车,22.80,0.75万公里,1.3T,自动
丰田 RAV4 2009款 2.0L 手动豪华版,6.58,5.57万公里,2.0L,手动
奔驰C级 2020款 改款 C 260 L 运动版,31.60,0.31万公里,1.5T,自动
凯迪拉克SRX 2013款 3.0L 舒适型(进口),12.58,12.12万公里,3.0L,自动
比亚迪L3 2013款 1.5L 自动舒适型,2.88,8.01万公里,1.5L,自动
福特 撼路者 2016款 2.0T 汽油自动四驱旗舰版,18.38,8.4万公里,2.0T,自动
本田 雅阁 2016款 混动 2.0L 锐酷版,16.90,7.44万公里,2.0L,自动
大众 高尔夫 2018款 230TSI 自动舒适型,10.98,3.15万公里,1.4T,自动
本田CR-V 2016款 2.0L 两驱经典版,13.78,5.83万公里,2.0L,自动
丰田 YARiS L 致炫 2016款 改款 1.5E CVT魅动版,6.80,2.88万公里,1.5L,自动
宝马X4 2014款 xDrive28i M运动型(进口),30.80,10.21万公里,2.0T,自动
大众 T-ROC探歌 2019款 230TSI DSG两驱R-Line,11.30,4.69万公里,1.4T,自动
奔驰GLA级 2016款 GLA 200 时尚型,17.50,6.5万公里,1.6T,自动
大众 途安 2011款 1.4T 自动智雅版5座,6.30,18.58万公里,1.4T,自动
马自达CX-4 2018款 2.0L 自动两驱蓝天活力版 国V,11.69,6.07万公里,2.0L,自动
本田 凌派 2013款 1.8L 自动豪华版,7.28,6.42万公里,1.8L,自动
哈弗H6 2015款 运动版 1.5T 自动两驱豪华型,6.80,7.67万公里,1.5T,自动
起亚K2 2015款 三厢 1.4L AT GLS,5.90,2.24万公里,1.4L,自动
大众 速腾 2018款 1.6L 自动舒适型,10.98,5.08万公里,1.6L,自动
大众POLO 2011款 1.4L 自动致尚版,4.85,7.4万公里,1.4L,自动
标致2008 2015款 1.6L 自动玩酷版,5.80,6.62万公里,1.6L,自动
奔驰B级 2009款 B 200 时尚型(进口),6.80,9.47万公里,2.0L,自动
大众 高尔夫 2014款 1.4TSI 自动舒适型,8.10,7.28万公里,1.4T,自动
本田 雅阁 2015款 2.0L LXS  精英版,14.50,5.03万公里,2.0L,自动
奥迪A4L 2012款 1.8 TFSI 自动舒适型,9.60,10.25万公里,1.8T,自动
MINI Countryman 2011款 1.6L ONE,12.50,7.49万公里,1.6L,自动
大众 帕萨特 2016款 330TSI DSG尊荣版,13.98,7.02万公里,1.8T,自动
别克GL8 2011款 2.4L CT舒适版,7.20,14.1万公里,2.4L,自动
斯柯达 明锐 2015款 1.6L 手动逸俊版,6.39,8万公里,1.6L,手动
日产 逍客 2017款 2.0L CVT智享版 国V,12.28,2.48万公里,2.0L,自动
Jeep 自由光 2016款 2.4L 领先版,11.38,8.08万公里,2.4L,自动
哈弗F7 2019款 1.5T 两驱i型 国V,11.30,1.43万公里,1.5T,自动
大众 凌渡 2015款 230TSI DSG风尚版,8.90,7.42万公里,1.4T,自动
福特 蒙迪欧 2013款 2.0L GTDi200时尚型,11.00,5.69万公里,2.0T,自动
日产 颐达 2008款 1.6L 自动时尚型,3.68,10.33万公里,1.6L,自动
本田 奥德赛 2015款 改款 2.4L 豪华版,20.68,3.55万公里,2.4L,自动
大众 迈腾 2013款 1.8TSI 豪华型,9.80,13.47万公里,1.8T,自动
哈弗H6 2016款 升级版 1.5T 自动两驱精英型,5.10,6.28万公里,1.5T,自动
比亚迪 速锐 2012款 1.5L 手动豪华型,2.28,11.07万公里,1.5L,手动
奥迪A3 2019款 Sportback 35 TFSI 进取型 国VI,14.38,2.69万公里,1.4T,自动
福特 福克斯 2020款 两厢 EcoBoost 180 自动ST Line,10.78,2.73万公里,1.5T,自动
日产 奇骏 2014款 2.5L CVT至尊版 4WD,16.80,4.57万公里,2.5L,自动
日产 逍客 2012款 2.0XV 雷 CVT 2WD,6.68,16.39万公里,2.0L,自动
大众 桑塔纳 2016款 1.6L 自动风尚版,5.60,5.39万公里,1.6L,自动
雪佛兰 2015款 赛欧3 1.5L 手动理想天窗版,3.68,4.24万公里,1.5L,手动
大众 迈腾 2017款 380TSI DSG 豪华型,17.60,2.83万公里,2.0T,自动
沃尔沃S90 2017款 T4 智逸版,23.50,5.1万公里,2.0T,自动
大众 朗逸 2013款 改款经典 1.6L 自动风尚版,6.80,3.13万公里,1.6L,自动
Jeep 指南者 2019款 220T 自动家享版,12.30,1.93万公里,1.3T,自动
日产 轩逸 2020款 改款 1.6L TOP CVT奢享版,12.38,1.44万公里,1.6L,自动
福特 福睿斯 2015款 1.5L 自动舒适型,5.89,8.23万公里,1.5L,自动
本田 冠道 2017款 370TURBO 两驱豪华版,24.98,3.8万公里,2.0T,自动
奔驰E级 2019款 E 300 L 运动时尚型,42.98,3.34万公里,2.0T,自动
本田 雅阁 2018款 260TURBO 精英版 国V,17.18,1.74万公里,1.5T,自动
日产 天籁 2020款 2.0L XL 舒适版,15.18,4.21万公里,2.0L,自动
日产 骐达 2011款 1.6L CVT舒适型,6.28,2.57万公里,1.6L,自动
宝骏510 2017款 1.5L 自动时尚型,5.50,3.36万公里,1.5L,自动
大众 速腾 2012款 1.4TSI 自动时尚型,6.95,12.96万公里,1.4T,自动
大众 速腾 2018款 1.6L 自动舒适型,10.30,3.99万公里,1.6L,自动
雪佛兰 创酷 2014款 1.4T 自动两驱舒适型,5.50,10.58万公里,1.4T,自动
雪佛兰 科鲁兹 2009款 1.6L SE AT,2.40,17.04万公里,1.6L,自动
马自达 昂克赛拉 2017款 三厢 1.5L 自动舒适型 国V,10.28,2.14万公里,1.5L,自动
别克 威朗 2017款 三厢 15S 自动领先型,7.80,7.86万公里,1.5L,自动
本田 undefined 飞度 2017款 1.5L 自动,6.88,4.12万公里,1.5L,自动
奔驰C级 2011款 C 180K 经典型,10.60,8.01万公里,1.6T,自动
日产 逍客 2017款 2.0L CVT智享版 国V,11.80,3.33万公里,2.0L,自动
哈弗H6 2013款 升级版 1.5T 手动两驱精英型,4.00,7.18万公里,1.5T,手动
哈弗H6 2014款 运动版 1.5T 手动两驱精英型,4.83,7.12万公里,1.5T,手动
大众 速腾 2019款 280TSI DSG舒适型 国VI,13.30,0.29万公里,1.4T,自动
现代 瑞奕 2014款 1.4L 自动GLX,4.80,3.39万公里,1.4L,自动
大众 宝来 2012款 1.6L 手动舒适型,3.90,8.42万公里,1.6L,手动
标致308 2014款 乐享版 经典 1.6L 手动优尚型,3.88,10.77万公里,1.6L,手动
奔驰C级 2020款 C 260 旅行轿车(进口),33.28,2.25万公里,1.5T,自动
斯巴鲁XV 2012款 2.0i 豪华版,9.38,13.13万公里,2.0L,自动
奥迪A6L 2015款 TFSI 百万纪念智领型,21.50,13.93万公里,2.0T,自动
马自达 昂克赛拉 2017款 三厢 1.5L 手动舒适型 国V,7.00,6.51万公里,1.5L,手动
长城 风骏5 2017款 2.8T经典版两驱大双排GW2.8TC-2,6.98,3.92万公里,2.8T,手动
长安CS75 2017款 尚酷版 1.5T 手动致享型,6.09,3.37万公里,1.5T,手动
本田 缤智 2016款 1.8L CVT两驱先锋型,9.48,6.39万公里,1.8L,自动
丰田 皇冠 2017款 2.0T 运动版,25.30,4.1万公里,2.0T,自动
本田 凌派 2013款 1.8L 自动豪华版,7.78,5.51万公里,1.8L,自动
标致301 2014款 1.6L 手动舒适版,3.28,7.18万公里,1.6L,手动
丰田 雷凌 2019款 双擎 1.8H CVT运动版 国VI,12.69,6.13万公里,1.8L,自动
雪佛兰 科鲁泽 2020款 轻混 Redline 320T 双离合欢快版,7.28,0.32万公里,1.0T,自动
奔驰GLA级 2017款 GLA 200 动感型,19.28,3.42万公里,1.6T,自动
比亚迪F3 2016款 1.5L 手动豪华型,3.30,4.77万公里,1.5L,手动
宝马3系 2009款 330i敞篷轿跑车(进口),13.98,16.05万公里,3.0L,自动
MG3 2014款 1.5L AMT精英版,4.20,2.51万公里,1.5L,自动
大众 桑塔纳 2015款 1.6L 自动风尚版,5.00,9.95万公里,1.6L,自动
宝骏310 2016款 1.2L 手动舒适型,3.48,2.01万公里,1.2L,手动
斯柯达 明锐 2015款 1.6L 手动逸致版,4.50,5.88万公里,1.6L,手动
奔驰A级 2013款 A 180 时尚型(进口),10.68,10.26万公里,1.6T,自动
丰田 YARiS L 致享 2020款 1.5L CVT科技版,8.70,0.82万公里,1.5L,自动
宝马4系 2017款 425i Gran Coupe 领先型M运动套装(进口),32.80,1.02万公里,2.0T,自动
奔驰GLC级 2016款 GLC 200 4MATIC,28.68,6.73万公里,2.0T,自动
雪铁龙 爱丽舍 2014款 1.6L 自动舒适型,4.50,4.69万公里,1.6L,自动
日产 天籁 2020款 2.0L XL 舒适版,15.18,3.98万公里,2.0L,自动
大众POLO 2018款 1.5L 自动安驾型,7.96,1.13万公里,1.5L,自动
丰田 花冠 2011款 1.6L 自动经典版,4.50,15.05万公里,1.6L,自动
日产 逍客 2012款 2.0XL 火 CVT 2WD,7.98,11.66万公里,2.0L,自动
奥迪Q3 2012款 35 TFSI quattro 舒适型(进口),13.80,9.16万公里,2.0T,自动
大众 高尔夫 2015款 1.4TSI 自动舒适型,8.60,10.76万公里,1.4T,自动
马自达 昂克赛拉 2016款 三厢 1.5L 自动舒适型,8.45,9.01万公里,1.5L,自动
雪佛兰 迈锐宝 2018款 530T 自动豪华版,8.98,4.52万公里,1.5T,自动
奔驰C级 2018款 C 200 L 运动版,27.88,3.06万公里,2.0T,自动
起亚K3 2017款 1.6L 自动15周年特别版GLS,7.50,4.34万公里,1.6L,自动
捷豹XF 2014款 XF 3.0 SC 奢华版,20.58,12.25万公里,3.0T,自动
别克 威朗 2015款 三厢 15S 自动领先型,7.88,7.33万公里,1.5L,自动
铃木 雨燕 2014款 1.3L 手动标准型,3.68,2.46万公里,1.3L,手动
别克GL8 2014款 2.4L 经典版,8.65,8.93万公里,2.4L,自动
长安 奔奔 2015款 1.4L IMT豪华型 国V,3.60,2.67万公里,1.4L,自动
宝马X2 2018款 sDrive25i 领先型M越野套装 国V(进口),21.60,2.46万公里,2.0T,自动
福特 翼虎 2013款 2.0L GTDi 四驱运动型,8.90,8.63万公里,2.0T,自动
大众 探影 2020款 280TSI DSG 悦Pro,13.00,0.09万公里,1.4T,自动
英菲尼迪EX系列 2010款 EX25 尊雅版(进口),11.80,17.9万公里,2.5L,自动
别克 英朗 2018款 15T 双离合进取型 国V,6.28,4万公里,1.0T,自动
北汽威旺M20 2014款 1.5L 基本型DAM15DL,2.70,4.61万公里,1.5L,手动
众泰SR9 2017款 2.0T 自动极致之路版,6.20,3.83万公里,2.0T,自动
雪佛兰 科鲁兹 2018款 320 自动先锋天窗版,7.30,3.73万公里,1.5L,自动
大众 高尔夫 2018款 230TSI 自动舒适型,11.56,4.55万公里,1.4T,自动
本田 飞度 2014款 1.5L SE CVT时尚型,5.60,8.62万公里,1.5L,自动
大众 朗逸 2019款 280TSI DSG豪华版 国VI,12.38,1.27万公里,1.4T,自动
丰田 YARiS L 致炫 2015款 1.5G 自动炫动天窗特别版,6.25,7.3万公里,1.5L,自动
标致4008 2017款 350THP 精英版,11.45,4.44万公里,1.6T,自动
奔驰C级 2010款 C 200 CGI 优雅型,11.80,6.29万公里,1.8T,自动
猎豹Q6 2015款 2.4L 手动两驱精英型,6.88,3.91万公里,2.4L,手动
宝马5系新能源 2015款 530Le,29.99,3.78万公里,2.0T,自动
宝马3系 2016款 328Li 时尚型,23.80,7.99万公里,2.0T,自动
奔驰B级 2009款 B 200 时尚型(进口),5.68,19.88万公里,2.0L,自动
大众 捷达 2017款 1.4L 手动时尚型,4.98,3.42万公里,1.4L,手动
马自达3星骋 2013款 三厢 1.6L 自动精英型,5.55,6.78万公里,1.6L,自动
丰田 汉兰达 2018款 2.0T 四驱豪华版 7座 国VI,31.80,0.84万公里,2.0T,自动
日产 轩逸 2016款 1.6XV CVT智享版,8.00,9.49万公里,1.6L,自动
福特 领界 2019款 EcoBoost 145 CVT尊领型PLUS 国V,12.58,0.98万公里,1.5T,自动
大众 帕萨特 2017款 330TSI DSG尊荣版,14.60,11.02万公里,1.8T,自动
现代 瑞纳 2016款 1.4L 自动智能型GLS,5.28,2.17万公里,1.4L,自动
荣威RX5 MAX 2019款 400TGI 自动四驱智能座舱至尊版,15.20,0.01万公里,2.0T,自动
哈弗H2 2018款 红标 1.5T 双离合两驱精英型,6.80,6.81万公里,1.5T,自动
丰田 雷凌 2016款 1.6G CVT精英版,7.98,9.09万公里,1.6L,自动
江淮 瑞风M3 2016款 宜家版 1.6L 豪华型,4.20,1.93万公里,1.6L,手动
本田 享域 2019款 180TURBO CVT乐享版 国VI,9.88,1.29万公里,1.0T,自动
日产 劲客 2020款 1.5L CVT智联豪华版,10.50,0.13万公里,1.5L,自动
奥迪A6L 2018款 30周年年型 35 TFSI 时尚型,31.00,3.59万公里,2.0T,自动
日产 逍客 2011款 2.0XV 雷 CVT 2WD,6.68,6.92万公里,2.0L,自动
大众 朗逸 2019款 1.5L 自动舒适版 国VI,8.98,1.2万公里,1.5L,自动
长安CS35 2016款 1.6L 自动豪华型 国IV,5.50,2.98万公里,1.6L,自动
马自达 昂克赛拉 2017款 三厢 1.5L 自动舒适型 国V,8.98,3.29万公里,1.5L,自动
别克GL8 2017款 25S 舒适型 国V,17.80,7.44万公里,2.5L,自动
本田 艾力绅 2016款 2.4L 风尚版,26.58,2.48万公里,2.4L,自动
哈弗H6 Coupe 2018款 红标 1.5T 自动两驱超豪型,8.58,3.8万公里,1.5T,自动
三菱 帕杰罗·劲畅 2013款 3.0L 自动四驱旗舰版,18.18,8.5万公里,3.0L,自动
本田 飞度 2018款 1.5L CVT舒适天窗版,7.68,1.14万公里,1.5L,自动
奔驰E级 2015款 改款 E 260 L 运动型,25.80,8.99万公里,2.0T,自动
丰田 汉兰达 2015款 2.0T 四驱豪华版 7座,24.50,9.53万公里,2.0T,自动
本田 飞度 2016款 1.5L LXS CVT舒适天窗版,7.50,2.15万公里,1.5L,自动
雪佛兰 科鲁兹 2015款 1.5L 经典 SE AT,5.90,4.76万公里,1.5L,自动
比亚迪 元 2016款 1.5L 自动豪华型,4.38,5.11万公里,1.5L,自动
大众 速腾 2014款 1.6L 自动舒适型,7.50,10.3万公里,1.6L,自动
铃木 天语 SX4 2009款 两厢 1.6L 手动运动型,2.78,9.68万公里,1.6L,手动
奔驰GLC级 2017款 GLC 260 4MATIC 豪华型,30.68,8.98万公里,2.0T,自动
奇瑞 艾瑞泽5 2016款 1.5L 手动领潮版,3.55,5.68万公里,1.5L,手动
丰田 汉兰达 2015款 2.0T 两驱精英版 7座,20.80,10.77万公里,2.0T,自动
奔驰S级 2012款 S 300 L 商务型 Grand Edition(进口),29.58,15.7万公里,3.0L,自动
福特 福克斯 2018款 三厢经典 1.6L 自动风尚型智行版,8.18,4.14万公里,1.6L,自动
斯柯达 柯迪亚克 2019款 TSI330 7座两驱豪华优享版 国V,15.50,3.89万公里,2.0T,自动
荣威i5 2019款 20T 自动智联网领豪智尊版,8.98,0.01万公里,1.5T,自动
丰田 凯美瑞 2009款 240G 豪华版,6.80,15.56万公里,2.4L,自动
丰田 雷凌 2019款 185T CVT豪华版 国V,11.85,0.61万公里,1.2T,自动
比亚迪S7 2015款 2.0T 升级版 自动尊贵型,4.93,6.12万公里,2.0T,自动
大众 高尔夫 2015款 1.4TSI 自动舒适型,9.10,3.97万公里,1.4T,自动
别克 君威 2012款 2.0L 舒适版,5.40,13.65万公里,2.0L,自动
现代 名图 2017款 1.8L 自动智能型GLS 国V,10.30,1.62万公里,1.8L,自动
奔驰E级 2015款 改款 E 180 L,25.80,6.08万公里,2.0T,自动
大众 迈腾 2015款 2.0TSI 豪华型,11.80,10.82万公里,2.0T,自动
本田 锋范经典 2012款 1.5L 手动精英版,3.90,8.49万公里,1.5L,手动
本田 竞瑞 2017款 1.5L CVT经典版,8.30,4.17万公里,1.5L,自动
宝马3系 2018款 320Li 领先型M运动套装,26.30,2.51万公里,2.0T,自动
别克GL8 2018款 ES 28T 旗舰型 国VI,35.88,1.97万公里,2.0T,自动
大众 甲壳虫 2014款 1.2TSI 时尚型(进口),11.68,6.01万公里,1.2T,自动
雪佛兰 创酷 2016款 1.4T 自动两驱舒适天窗版,5.88,9.33万公里,1.4T,自动
大众 高尔夫 2015款 1.6L 自动舒适型,8.18,4.07万公里,1.6L,自动
别克GL8 2011款 2.4L LT行政版,6.80,11.14万公里,2.4L,自动
本田 飞度 2016款 1.5L LXS CVT舒适天窗版,7.50,6.57万公里,1.5L,自动
铃木 天语 SX4 2011款 改款 1.6L 自动运动型,4.20,10万公里,1.6L,自动
大众 朗逸 2013款 改款经典 1.6L 自动风尚版,6.52,5.66万公里,1.6L,自动
日产 奇骏 2019款 2.0L CVT智联舒适版 2WD,15.60,5.69万公里,2.0L,自动
宝马X1 2010款 sDrive18i豪华型(进口),9.68,10.76万公里,2.0L,自动
本田 飞度 2021款 1.5L CVT潮享版,8.78,0.81万公里,1.5L,自动
别克GL8 2011款 3.0L GT豪华商务豪雅版,13.18,17.49万公里,3.0L,自动
本田 飞度 2018款 1.5L CVT舒适版,7.90,3.05万公里,1.5L,自动
本田CR-V 2019款 240TURBO CVT两驱风尚版 国V,18.90,2.16万公里,1.5T,自动
现代ix35 2019款 2.0L 自动两驱智勇·畅享版 国V,10.30,5.12万公里,2.0L,自动
奇瑞 瑞虎 2012款 精英版 改款 1.6L 手动舒适型DVVT,2.98,5.9万公里,1.6L,手动
雷克萨斯NX 2018款 200 全驱 锋尚版 国V,29.50,1.31万公里,2.0L,自动
丰田 卡罗拉 2018款 1.2T S-CVT GL智享版,9.98,2.63万公里,1.2T,自动
本田 缤智 2017款 1.8L CVT两驱先锋型,11.80,2.78万公里,1.8L,自动
别克 英朗 2013款 GT 1.6L 自动时尚版,5.90,9.28万公里,1.6L,自动
别克 英朗 2016款 15N 手动精英型,5.35,3.23万公里,1.5L,手动
大众 高尔夫 2016款 1.6L 自动舒适型,8.68,6.14万公里,1.6L,自动
现代 瑞纳 2020款 1.4L 手动焕新版,5.00,0.2万公里,1.4L,手动
奥迪A6L 2012款 TFSI 标准型,17.20,14.99万公里,2.0T,自动
本田 思域 2016款 180TURBO CVT舒适版,9.80,4.68万公里,1.0T,自动
林肯 冒险家 2020款 2.0T 两驱尊雅版,25.58,1.19万公里,2.0T,自动
雪佛兰 迈锐宝XL 2017款 1.5T 自动锐驰版,11.28,3.17万公里,1.5T,自动
现代 索纳塔九 2015款 1.6T DLX尊贵型,10.90,4.5万公里,1.6T,自动
传祺GA4 2018款 200T 自动豪华版,5.88,2.56万公里,1.3T,自动
丰田 汉兰达 2015款 2.0T 四驱豪华版 7座,25.60,8.42万公里,2.0T,自动
奔驰E级 2015款 E 200 L 运动型,23.88,8.38万公里,2.0T,自动
福特 福克斯 2017款 三厢 1.6L 自动舒适型智行版,7.30,3.26万公里,1.6L,自动
奔驰A级 2015款 A 180 标准型(进口),12.58,5.19万公里,1.6T,自动
大众 捷达 2017款 1.5L 自动时尚型,6.82,2.46万公里,1.5L,自动
丰田C-HR 2020款 2.0L 领先版,14.00,0.99万公里,2.0L,自动
宝沃汽车 宝沃BX7 2016款 28T 两驱豪华版 5座,9.75,8.12万公里,2.0T,自动
现代 索纳塔九 2015款 1.6T GLS智能型,9.80,8.26万公里,1.6T,自动
沃尔沃S40 2010款 2.0L 自动智尚版,4.58,10.8万公里,2.0L,自动
福特 蒙迪欧 2017款 EcoBoost 180 时尚型,12.60,4.18万公里,1.5T,自动
本田 杰德 2017款 1.8L 自动舒适版 5座,11.30,3.13万公里,1.8L,自动
丰田 卡罗拉 2017款 改款双擎 1.8L E-CVT领先版,11.68,5.65万公里,1.8L,自动
大众 宝来 2019款 改款 1.5L 自动舒适型 国VI,9.99,0.42万公里,1.5L,自动
奔驰E级 2010款 E 200 CGI 优雅型(进口),12.00,12.41万公里,1.8T,自动
标致307 2010款 三厢 1.6L 手动舒适版,2.08,7.22万公里,1.6L,手动
本田CR-V 2016款 2.0L 两驱都市版,14.68,9.07万公里,2.0L,自动
日产 逍客 2012款 2.0XV 雷 CVT 2WD,7.40,8.85万公里,2.0L,自动
丰田 凯美瑞 2018款 2.5G 豪华版,18.60,5.78万公里,2.5L,自动
起亚 新佳乐 2011款 2.0L 7座自动标准版(进口),5.16,8.29万公里,2.0L,自动
路虎 神行者2 2011款 3.2L i6 SE汽油版(进口),11.30,15.78万公里,3.2L,自动
丰田 RAV4 2016款 2.0L CVT四驱新锐版 国V,17.30,3.86万公里,2.0L,自动
雷诺 2011款 2.0 风景舒适版(进口),6.30,7.8万公里,2.0L,自动
大众 途观 2012款 1.8TSI 自动四驱菁英版,9.88,7.01万公里,1.8T,自动
大众 途观 2015款 1.8TSI 自动两驱风尚版,11.18,5.61万公里,1.8T,自动
马自达6 2011款 2.0L 自动时尚型,5.69,11.77万公里,2.0L,自动
奥迪A4L 2020款 40 TFSI quattro 豪华动感型,32.80,0.11万公里,2.0T,自动
雪佛兰 科鲁兹 2015款 1.5L 经典 SE AT,5.80,6.27万公里,1.5L,自动
起亚KX CROSS 2017款 1.4L AT GLS,6.88,3.76万公里,1.4L,自动
大众 朗行 2013款 1.6L 自动风尚型,6.20,8.64万公里,1.6L,自动
大众POLO 2016款 1.4L 手动风尚型,5.30,2.69万公里,1.4L,手动
本田 飞度 2018款 1.5L CVT舒适版,7.80,2.63万公里,1.5L,自动
奔驰C级 2021款 C 200 L 时尚型运动版,28.99,0.01万公里,1.5T,自动
宝马5系 2014款 520Li 典雅型,26.00,9.75万公里,2.0T,自动
大众POLO 2013款 1.6L 自动舒适版,5.00,8.99万公里,1.6L,自动
宝骏510 2017款 1.5L 自动豪华型,5.86,3.22万公里,1.5L,自动
本田 飞度 2014款 1.5L LX CVT舒适型,5.98,4.66万公里,1.5L,自动
大众 朗逸 2013款 改款经典 1.6L 自动风尚版,7.28,4.52万公里,1.6L,自动
别克 凯越 2013款 1.5L 自动经典型,4.20,7.76万公里,1.5L,自动
大众 高尔夫·嘉旅 2016款 230TSI 自动进取型,10.58,3.6万公里,1.4T,自动
江淮 瑞风M4 2016款 2.0L 手动舒适型,6.58,5.23万公里,2.0L,手动
奥迪A4L 2016款 35 TFSI 典藏版 S line舒适型,16.90,7.54万公里,2.0T,自动
北京BJ20 2016款 1.5T CVT尊贵型,7.60,3.98万公里,1.5T,自动
大众 速腾 2012款 1.4TSI 自动豪华型,6.40,7.91万公里,1.4T,自动
北汽幻速S6 2016款 1.5T 手动智能型,4.28,3.94万公里,1.5T,手动
丰田 花冠 2013款 1.6L 手动豪华版,4.80,8.07万公里,1.6L,手动
起亚K2 2015款 三厢 1.4L MT GLS,4.39,8.41万公里,1.4L,手动
现代 索纳塔八 2013款 2.0L 自动领先版,6.20,8.25万公里,2.0L,自动
日产 轩逸 2012款 经典 1.6XE 自动舒适版,6.38,6.2万公里,1.6L,自动
本田 杰德 2013款 1.8L CVT豪华版 5座,8.80,13.64万公里,1.8L,自动
传祺GS4 2015款 200T 手动精英版,4.88,10.11万公里,1.3T,手动
奔驰GLC级 2016款 GLC 200 4MATIC,29.58,6.2万公里,2.0T,自动
福特 福睿斯 2015款 1.5L 自动舒适型,6.50,7.03万公里,1.5L,自动
福特 福睿斯 2015款 1.5L 手动舒适型,4.58,6.16万公里,1.5L,手动
丰田 卡罗拉 2016款 双擎 1.8L CVT领先版,8.80,11.12万公里,1.8L,自动
马自达CX-4 2016款 2.0L 自动两驱蓝天探索版,12.88,2.16万公里,2.0L,自动
大众 朗逸 2013款 改款经典 1.6L 自动风尚版,7.20,12.39万公里,1.6L,自动
别克 君威 2014款 2.4L SIDI豪华时尚型,7.80,8.75万公里,2.4L,自动
日产 逍客 2010款 20X雷 CVT 2WD,5.60,6.04万公里,2.0L,自动
雪铁龙C5 2014款 2.0L 自动尊享型,6.90,6.68万公里,2.0L,自动
奔驰GLK级 2015款 GLK 260 4MATIC 时尚型 极致版,22.58,9.7万公里,2.0T,自动
福特 福克斯 2012款 两厢 2.0L 自动豪华运动型,5.98,6.25万公里,2.0L,自动
奔驰GLA级 2015款 GLA 200 动感型,16.50,6.85万公里,1.6T,自动
宝马X1 2020款 sDrive20Li 尊享型,22.89,2.14万公里,1.5T,自动
福特 福克斯 2012款 三厢 1.6L 手动舒适型,4.28,9.58万公里,1.6L,手动
起亚K2 2015款 三厢 1.4L AT GLS,5.50,8.75万公里,1.4L,自动
大众CC 2012款 2.0TSI 至尊型,8.88,12.34万公里,2.0T,自动
本田 冠道 2017款 370TURBO 四驱至尊版,24.80,6.43万公里,2.0T,自动
长安CS35 PLUS 2018款 1.6L 自动畅联版 国V,8.56,2.32万公里,1.6L,自动
大众 途观 2010款 1.8TSI 自动四驱菁英版,7.38,14.38万公里,1.8T,自动
大众 途观 2015款 1.8TSI 自动两驱豪华型,11.50,7.65万公里,1.8T,自动
宝马3系 2011款 330i敞篷轿跑版(进口),19.30,14.67万公里,3.0L,自动
丰田 卡罗拉 2017款 改款双擎 1.8L E-CVT精英版,12.30,1.61万公里,1.8L,自动
荣威350 2015款 1.5L 手动豪华天窗版,3.78,6.2万公里,1.5L,手动
大众POLO 2014款 1.6L 自动舒适版,5.78,4.17万公里,1.6L,自动
大众 探影 2020款 280TSI DSG 悦Pro,12.98,0.07万公里,1.4T,自动
福特 福克斯 2011款 两厢 1.8L 自动时尚型,3.68,8.98万公里,1.8L,自动
别克GL8 2014款 3.0L XT豪华商务旗舰版,18.50,8.97万公里,3.0L,自动
现代 领动 2018款 1.6L 自动15周年特别版,7.50,5.53万公里,1.6L,自动
马自达2劲翔 2011款 炫动 1.3L 自动标准版,2.78,10.51万公里,1.3L,自动
现代ix25 2015款 1.6L 自动两驱时尚型GS,7.30,6.59万公里,1.6L,自动
路虎 发现神行 2019款 240PS PURE版 国VI,24.98,2.76万公里,2.0T,自动
马自达CX-4 2018款 2.0L 自动两驱蓝天探索版 国V,11.10,11.92万公里,2.0L,自动
日产 奇骏 2019款 2.0L CVT智联舒适版 2WD,15.90,4.19万公里,2.0L,自动
大众 高尔夫·嘉旅 2018款 1.6L 自动舒适型,9.40,4.76万公里,1.6L,自动
奥迪Q3 2015款 30 TFSI 舒适型,15.57,7.44万公里,1.4T,自动
雷克萨斯NX 2015款 300h 前驱 锋尚版,25.99,8.04万公里,2.5L,自动
别克 昂科威 2016款 20T 两驱精英型,11.88,7.38万公里,1.5T,自动
福特 福克斯 2009款 三厢 1.8L 手动舒适型,2.18,13.07万公里,1.8L,手动
丰田 汉兰达 2015款 2.0T 四驱豪华版 7座,26.00,8.26万公里,2.0T,自动
奔驰C级 2013款 C 180 CGI 经典型,11.60,11.84万公里,1.8T,自动
长安CS35 2015款 1.6L 手动豪华型 国IV,4.58,4.54万公里,1.6L,手动
沃尔沃XC40 2021款 T3 智行时尚版,20.80,0.06万公里,1.5T,自动
日产 纳瓦拉 2017款 2.5L手动两驱标准版QR25,10.88,5.12万公里,2.5L,手动
别克 威朗 2015款 三厢 15S 自动进取型,6.98,5.75万公里,1.5L,自动
奥迪Q3 2013款 35 TFSI 舒适型,14.38,6.7万公里,2.0T,自动
英菲尼迪Q50L 2018款 2.0T 豪华运动版 国V,23.00,1.95万公里,2.0T,自动
别克 昂科拉 2020款 20T CVT豪华型,10.88,0.5万公里,1.3T,自动
大众 高尔夫 2016款 1.6L 自动舒适型,8.20,12.59万公里,1.6L,自动
奥迪Q5 2018款 典藏版 40 TFSI 技术型,28.00,7.07万公里,2.0T,自动
宝骏310W 2017款 1.5L 手动时尚型 国V,4.18,2.4万公里,1.5L,手动
哈弗H1 2016款 改款 蓝标 1.5L AMT舒适型,4.66,3.5万公里,1.5L,自动
奔驰C级 2020款 C 260 L 运动版,31.68,0.24万公里,1.5T,自动
大众 宝来 2008款 1.6L 自动时尚型,3.60,10.4万公里,1.6L,自动
吉利 经典帝豪 2009款 三厢 1.8L 手动豪华型,1.75,8.75万公里,1.8L,手动
沃尔沃C30 2011款 2.0 智雅版(进口),6.80,7.36万公里,2.0L,自动
日产 逍客 2019款 2.0L CVT智享版,13.98,1.55万公里,2.0L,自动
铃木 奥拓 2009款 1.0L 手动舒适型,1.80,7万公里,1.0L,手动
铃木 雨燕 2013款 1.5L 自动标准版,4.90,3.28万公里,1.5L,自动
哈弗H6 2014款 运动版 2.4L 自动精英型,6.00,8.14万公里,2.4L,自动
丰田 undefined 普拉多 2014款 2.7L 自动（平行进口）,34.58,8.02万公里,2.7L,自动
奥迪A3 2016款 Sportback 35 TFSI 领英型,12.50,5.45万公里,1.4T,自动
奔驰GLA级 2017款 GLA 200 时尚型,19.12,4.56万公里,1.6T,自动
宝马X5 2014款 xDrive35i 典雅型(进口),48.80,4.15万公里,3.0T,自动
别克GL8 2014款 2.4L LT豪华商务行政版,14.80,9.21万公里,2.4L,自动
大众POLO 2014款 1.6L 自动豪华版,5.50,13.01万公里,1.6L,自动
奔驰GLA级 2016款 GLA 200 动感型,16.50,2.17万公里,1.6T,自动
别克 君威 2012款 2.0L 舒适版,6.38,14.15万公里,2.0L,自动
日产 轩逸 2021款 1.6L XL CVT悦享版,13.18,0.52万公里,1.6L,自动
新宝骏RC-6 2019款 1.5T CVT 24小时在线精英型,8.90,1.22万公里,1.5T,自动
福特 蒙迪欧 2013款 2.0L GTDi200时尚型,10.98,7.1万公里,2.0T,自动
哈弗H6 2013款 运动版 1.5T 手动两驱精英型,5.30,7.38万公里,1.5T,手动
别克 英朗 2014款 XT 1.6L 自动时尚版,5.50,2.71万公里,1.6L,自动
别克 昂科威 2017款 28T 四驱精英型,16.50,4.59万公里,2.0T,自动
奔驰E级 2010款 E 200 CGI 优雅型(进口),14.98,6.39万公里,1.8T,自动
大众 高尔夫 2016款 230TSI 自动舒适型,9.98,2.17万公里,1.4T,自动
宝马X1 2010款 sDrive18i豪华型(进口),9.50,8.55万公里,2.0L,自动
Smart smart fortwo 2012款 1.0T 硬顶激情版,5.50,8.51万公里,1.0T,自动
日产 奇骏 2014款 2.0L CVT舒适版 2WD,12.90,9.8万公里,2.0L,自动
大众 高尔夫 2019款 1.6L 自动舒适型 国V,11.50,2.68万公里,1.6L,自动
本田CR-V 2021款 锐·混动 2.0L 两驱净·黑爵士版,23.40,0.11万公里,2.0L,自动
福特 福睿斯 2017款 改款 1.5L 自动舒适型,5.75,5.06万公里,1.5L,自动
雪铁龙C3-XR 2015款 1.6L 自动时尚型,5.80,9.47万公里,1.6L,自动
大众POLO 2014款 1.4L 手动舒适版,4.38,6.4万公里,1.4L,手动
MG3 2011款 1.5L AMT精英版,2.50,9.04万公里,1.5L,自动
日产 奇骏 2017款 2.0L CVT舒适版 2WD,15.80,1.24万公里,2.0L,自动
大众 高尔夫 2014款 1.4TSI 自动舒适型,7.88,11.57万公里,1.4T,自动
别克 威朗 2015款 三厢 15S 自动进取型,6.70,6.65万公里,1.5L,自动
马自达 昂克赛拉 2016款 三厢 1.5L 自动舒适型,7.90,5.63万公里,1.5L,自动
日产 纳瓦拉 2017款 2.5L自动两驱豪华版QR25,12.50,0.91万公里,2.5L,自动
大众POLO 2013款 1.6L 自动舒适版,5.30,2.91万公里,1.6L,自动
哈弗H4 2019款 红标 1.5GDIT DCT精英智联版,7.90,2.16万公里,1.5T,自动
大众 途观 2010款 2.0TSI 自动四驱旗舰版,7.58,9.09万公里,2.0T,自动
别克 英朗 2018款 15T 双离合进取型 国V,6.48,2.31万公里,2.0T,自动
奥迪A6L 2014款 30 FSI 技术型,24.80,7.5万公里,2.5L,自动
别克 英朗 2013款 GT 1.6L 自动时尚版,5.28,8.74万公里,1.6L,自动
大众 蔚领 2018款 1.5L 自动舒适型,9.38,2.11万公里,1.5L,自动
凯迪拉克XTS 2013款 28T 精英型,13.58,16.49万公里,2.0T,自动
马自达 昂克赛拉 2017款 三厢 1.5L 自动豪华型 国V,10.26,4.23万公里,1.5L,自动
大众 途观 2016款 300TSI 自动两驱豪华版,13.28,8.48万公里,1.8T,自动
日产 骐达 2011款 1.6L CVT智能型,5.68,11.21万公里,1.6L,自动
大众 途观 2016款 280TSI 自动两驱丝绸之路舒适版,14.30,1.92万公里,1.4T,自动
比亚迪F3 2012款 节能版 1.5L 手动舒适型,2.38,2.56万公里,1.5L,手动
大众 速腾 2015款 230TSI 自动豪华型,9.88,6.35万公里,1.4T,自动
奇瑞 瑞虎5 2015款 2.0L 手动家悦版,3.75,5.03万公里,2.0L,手动
丰田 卡罗拉 2014款 1.6L CVT GL-i真皮版,7.58,4.18万公里,1.6L,自动
斯柯达 晶锐 2011款 1.4L 自动晶致版,3.30,7.34万公里,1.4L,自动
丰田 普拉多 2010款 4.0L 自动VX NAVI,34.60,19.67万公里,4.0L,自动
猎豹CS10 2016款 2.0T 手动卓越型,4.88,2.73万公里,2.0T,手动
大众 桑塔纳 2016款 1.6L 自动风尚版,6.50,7.71万公里,1.6L,自动
大众POLO 2018款 1.5L 自动安驾型,7.08,5.24万公里,1.5L,自动
大众 宝来 2008款 1.6L 自动舒适型,3.98,10.29万公里,1.6L,自动
福特 蒙迪欧 2013款 2.0L GTDi240豪华运动型,10.30,8.38万公里,2.0T,自动
现代 名图 2019款 1.8L 自动智能型GLS 国VI,10.90,1.94万公里,1.8L,自动
观致3 2016款 三厢 1.6L 自动致悦型,5.58,11.55万公里,1.6L,自动
大众POLO 2018款 1.5L 自动安驾型,7.88,1.49万公里,1.5L,自动
沃尔沃XC60 2014款 T5 智雅版(进口),15.50,14万公里,2.0T,自动
大众 凌渡 2015款 230TSI DSG风尚版,9.68,7.49万公里,1.4T,自动
起亚K3 2013款 1.6L 手动GLS,4.10,8.71万公里,1.6L,手动
传祺GS4 2016款 235T G-DCT豪华版,6.88,8.06万公里,1.5T,自动
三菱 劲炫ASX 2013款 1.6L 手动两驱标准版,4.88,8.11万公里,1.6L,手动
长安CS55 2017款 1.5T 自动炫色型,7.68,2.52万公里,1.5T,自动
丰田 雷凌 2018款 185T CVT豪华版,10.69,1.2万公里,1.2T,自动
福特 锐界 2016款 EcoBoost 245 两驱精锐型 5座,16.20,3.77万公里,2.0T,自动
福特 翼虎 2015款 1.5L GTDi 两驱舒适型,8.38,7.45万公里,1.5T,自动
日产 骐达 2011款 1.6L CVT智能型,4.98,14.4万公里,1.6L,自动
马自达 阿特兹 2020款 2.0L 蓝天豪华版,16.50,0.47万公里,2.0L,自动
本田 思域 2016款 220TURBO 手动豪华版,8.78,11.33万公里,1.5T,手动
斯柯达 明锐 2014款 1.6L 自动逸杰版,5.38,7.52万公里,1.6L,自动
起亚K3 2013款 1.6L 自动DLX,5.68,9.23万公里,1.6L,自动
奔驰C级 2015款 C 180 L 运动型,19.38,10.08万公里,1.6T,自动
马自达CX-3 2018款 2.0L 自动尊贵型(进口),11.00,1.33万公里,2.0L,自动
斯巴鲁 森林人 2011款 2.5XS 自动豪华版,6.80,10.12万公里,2.5L,自动
大众 捷达 2015款 1.6L 手动舒适型,4.28,7.46万公里,1.6L,手动
福特 福睿斯 2015款 1.5L 自动时尚型,5.70,7.65万公里,1.5L,自动
奔驰B级 2013款 B 260(进口),14.80,2.66万公里,2.0T,自动
比亚迪 唐新能源 2015款 2.0T 四驱旗舰型,9.99,7.61万公里,2.0T,自动
大众 2016款 途安L 280TSI 自动舒适版,10.68,6.25万公里,1.4T,自动
丰田 卡罗拉 2017款 改款 1.6L S-CVT GL,9.85,3.21万公里,1.6L,自动
雪佛兰 科鲁兹 2013款 1.6L SL MT,3.20,6.53万公里,1.6L,手动
日产 蓝鸟 2020款 1.6L CVT炫酷版,9.88,0.53万公里,1.6L,自动
本田 缤智 2017款 1.8L CVT两驱先锋型,10.68,5.17万公里,1.8L,自动
大众 迈腾 2012款 1.8TSI 豪华型,7.80,17.54万公里,1.8T,自动
丰田 雷凌 2017款 1.2T G CVT精英版,7.68,10.63万公里,1.2T,自动
起亚 智跑 2012款 2.0L 自动两驱版GLS,7.15,7.36万公里,2.0L,自动
丰田 锐志 2013款 2.5S 菁锐版,15.68,5.8万公里,2.5L,自动
日产 轩逸 2019款 1.6XV CVT智联尊享版 国VI,9.78,2.71万公里,1.6L,自动
宝马5系 2014款 525Li 领先型,28.30,4.37万公里,2.0T,自动
别克 英朗 2013款 GT 1.6L 自动时尚版,5.78,9.99万公里,1.6L,自动
本田 飞度 2016款 1.5L LX CVT舒适型,7.39,3.63万公里,1.5L,自动
大众 帕萨特 2011款 1.8TSI DSG尊荣版,7.88,11.12万公里,1.8T,自动
东风风行 景逸S50 2014款 1.6L CVT旗舰型,3.28,7.17万公里,1.6L,自动
奔驰GLK级 2013款 GLK 300 4MATIC 动感天窗型,20.98,13.22万公里,3.0L,自动
长安商用 金牛星 2011款 1.3L标准型,1.66,6.66万公里,1.3L,手动
福特 福克斯 2013款 两厢经典 1.8L 手动基本型,3.50,8.1万公里,1.8L,手动
大众 朗逸 2013款 改款经典 1.6L 手动风尚版,5.98,5.57万公里,1.6L,手动
本田 奥德赛 2008款 2.4L 舒适版,7.00,15.46万公里,2.4L,自动
大众 帕萨特 2017款 330TSI DSG尊荣版,14.20,10.25万公里,1.8T,自动
斯柯达 明锐 2018款 TSI280 DSG豪华版,9.38,2.58万公里,1.4T,自动
别克 君威 2015款 1.6T 领先技术型,8.68,7.14万公里,1.6T,自动
起亚KX5 2016款 1.6T 自动两驱Premium,11.22,4.11万公里,1.6T,自动
奥迪A4L 2016款 35 TFSI 典藏版 自动标准型,17.98,5.16万公里,2.0T,自动
大众 高尔夫 2018款 1.6L 自动时尚型,10.68,6万公里,1.6L,自动
马自达 昂克赛拉 2016款 三厢 1.5L 自动舒适型,8.98,2.8万公里,1.5L,自动
日产 蓝鸟 2016款 1.6L 手动炫酷版,7.00,4.08万公里,1.6L,手动
别克GL6 2019款 18T 6座互联豪华型 国VI,11.80,1.13万公里,1.3T,自动
哈弗H6 2015款 运动版 1.5T 自动两驱豪华型,6.00,7.78万公里,1.5T,自动
本田 缤智 2015款 1.5L CVT两驱舒适型,8.98,8.46万公里,1.5L,自动
福特 福克斯 2012款 两厢 2.0L 自动豪华运动型,6.16,7.7万公里,2.0L,自动
大众 高尔夫 2012款 1.4TSI 自动豪华型,7.20,9.03万公里,1.4T,自动
奔驰GLA级 2016款 GLA 200 动感型,16.80,6.67万公里,1.6T,自动
奔驰GLC级 2016款 GLC 300 4MATIC 动感型,30.88,4.97万公里,2.0T,自动
大众 宝来 2013款 1.6L 自动舒适型,4.68,13.55万公里,1.6L,自动
北汽幻速H3 2015款 1.5L 手动舒适型,2.88,7.52万公里,1.5L,手动
本田XR-V 2015款 1.5L LXi CVT经典版,10.20,0.79万公里,1.5L,自动
福特 蒙迪欧 2018款 EcoBoost 180 时尚型,12.78,4.68万公里,1.5T,自动
现代 索纳塔八 2011款 2.0L 自动领先版,5.90,6.65万公里,2.0L,自动
斯柯达 明锐 2010款 2.0L 自动逸俊版,4.38,16.39万公里,2.0L,自动
丰田 威驰 2016款 1.5L 自动智臻星耀版,5.90,3.69万公里,1.5L,自动
大众POLO 2011款 1.6L 自动致尚版,4.28,7.33万公里,1.6L,自动
奔驰B级 2012款 B 180(进口),11.58,10.6万公里,1.6T,自动
标致408 2014款 1.8L 自动豪华版,6.60,11.67万公里,1.8L,自动
大众 朗逸 2013款 改款经典 1.6L 自动风尚版,7.43,7.95万公里,1.6L,自动
东风风行 景逸X5 2017款 劲享系列 1.5T CVT智联型,6.50,3.25万公里,1.5T,自动
英菲尼迪Q50L 2015款 2.0T 悦享版,15.80,6.61万公里,2.0T,自动
大众 速腾 2014款 改款 1.6L 自动舒适型,7.30,6.69万公里,1.6L,自动
丰田 卡罗拉 2019款 1.2T S-CVT GL先锋版,11.36,1.46万公里,1.2T,自动
宝马X1 2010款 xDrive28i(进口),12.36,16.32万公里,3.0L,自动
起亚K4 2014款 1.8L 自动DLX,7.98,4.06万公里,1.8L,自动
斯柯达 昊锐 2009款 1.8TSI 自动智雅版,5.50,5.75万公里,1.8T,自动
福特 福克斯 2012款 三厢 1.6L 自动风尚型,5.30,7.11万公里,1.6L,自动
雪佛兰 迈锐宝 2013款 2.0L 自动豪华版,7.30,10.4万公里,2.0L,自动
领克03 2018款 1.5TD DCT劲版 国V,11.58,2.97万公里,1.5T,自动
日产 骐达 2014款 1.6L CVT智能型,7.48,3.41万公里,1.6L,自动
福特 福睿斯 2017款 幸福版 1.5L 自动时尚型,6.19,3.75万公里,1.5L,自动
别克 君越 2013款 2.0T SIDI 技术型,9.80,12.16万公里,2.0T,自动
大众 途观 2016款 300TSI 自动两驱豪华版,13.60,4.12万公里,1.8T,自动
奥迪Q7 2013款 35 TFSI 进取型(进口),25.80,15.56万公里,3.0T,自动
大众 高尔夫 2011款 1.4TSI 自动舒适型,5.98,12.38万公里,1.4T,自动
Jeep 指南者 2017款 200T 自动家享版,10.38,3.02万公里,1.4T,自动
本田 凌派 2019款 180Turbo CVT舒适版 国VI,9.35,0.01万公里,1.0T,自动
别克 威朗 2018款 三厢 15S 自动进取型,8.58,2.42万公里,1.5L,自动
别克 凯越 2013款 1.5L 自动经典型,3.58,9.84万公里,1.5L,自动
大众 高尔夫 2018款 1.6L 手动时尚型,8.80,3.6万公里,1.6L,手动
奥迪A6L 2014款 TFSI 标准型,21.68,7.69万公里,2.0T,自动
现代ix35 2018款 2.0L 自动两驱智勇·畅享版,10.68,2.53万公里,2.0L,自动
奔驰E级 2017款 E 200 运动型 4MATIC,35.80,5.5万公里,2.0T,自动
本田CR-V 2012款 2.4L 四驱豪华版,10.58,10.43万公里,2.4L,自动
起亚K2 2012款 三厢 1.4L AT GLS纪念版,4.58,12.09万公里,1.4L,自动
福特 福克斯 2019款 两厢 EcoBoost 180 自动锋潮型,10.50,3.03万公里,1.5T,自动
起亚K4 2014款 1.8L 自动GLS,7.88,7.18万公里,1.8L,自动
奥迪Q5 2012款 2.0TFSI 技术型,13.98,10.63万公里,2.0T,自动
丰田 雷凌 2016款 双擎 1.8H GS CVT精英天窗版,9.28,7.46万公里,1.8L,自动
大众POLO 2011款 1.6L 自动致尚版,4.75,4.64万公里,1.6L,自动
雪佛兰 赛欧 2011款 三厢 1.4L AMT幸福版,2.18,10.25万公里,1.4L,自动
日产 骐达 2019款 1.6L CVT智行版 国VI,9.98,1.26万公里,1.6L,自动
奥迪A4L 2009款 2.0 TFSI 技术型,7.60,14.17万公里,2.0T,自动
大众 途岳 2020款 280TSI 两驱舒适版 国VI,17.50,0.47万公里,1.4T,自动
标致308 2014款 乐享版 经典 1.6L 手动优尚型,4.20,7.18万公里,1.6L,手动
斯巴鲁XV 2015款 2.0i 豪华版,12.98,4.9万公里,2.0L,自动
福特 福睿斯 2017款 1.5L 自动舒适型,6.30,4.06万公里,1.5L,自动
福特 翼虎 2013款 1.6L GTDi 两驱舒适型,5.38,12.45万公里,1.6T,自动
宝骏510 2017款 1.5L 自动豪华型,5.10,7.8万公里,1.5L,自动
宝骏630 2012款 1.8L 手动舒适型,1.88,13.79万公里,1.8L,手动
哈弗H9 2015款 2.0T 四驱豪华型 7座,13.68,9.83万公里,2.0T,自动
大众 宝来 2014款 1.6L 自动舒适型,5.60,6.99万公里,1.6L,自动
雪佛兰 科鲁兹 2013款 1.6L SE AT,4.88,7.64万公里,1.6L,自动
丰田 花冠 2011款 1.6L 自动经典版,4.88,6万公里,1.6L,自动
现代 瑞纳 2014款 1.4L 自动领先型GLX,4.35,7.9万公里,1.4L,自动
MG6 2012款 掀背 1.8T 手动性能版,3.60,10.53万公里,1.8T,手动
吉利 帝豪 2016款 三厢 1.5L 手动向上版,3.50,4.89万公里,1.5L,手动
宝马5系 2014款 525Li 风尚设计套装,26.50,9.45万公里,2.0T,自动
传祺GS5 2012款 2.0L 手动两驱周年限量版,3.58,7.27万公里,2.0L,手动
别克GL8 2021款 陆上公务舱 652T 豪华型,25.88,0.09万公里,2.0T,自动
吉利 博越 2016款 1.8TD 自动智慧型,7.58,3.61万公里,1.8T,自动
别克 凯越 2015款 1.5L 自动经典型,4.68,5.72万公里,1.5L,自动
大众 高尔夫 2016款 230TSI 自动舒适型,9.60,7.29万公里,1.4T,自动
大众 途观 2015款 1.8TSI 自动两驱豪华型,12.80,7.16万公里,1.8T,自动
现代ix35 2015款 2.0L 自动两驱舒适型 国V,9.10,7.62万公里,2.0L,自动
哈弗H2 2014款 1.5T 手动两驱尊贵版,4.70,6.74万公里,1.5T,手动
雪佛兰 科沃兹 2018款 320 自动欣享版,5.85,2.96万公里,1.5L,自动
现代 全新胜达 2013款 2.4L 自动两驱智能型,11.00,9.03万公里,2.4L,自动
大众 高尔夫 2012款 1.4TSI 自动舒适型,6.00,5.72万公里,1.4T,自动
日产 骐达 2011款 1.6L CVT智能型,5.49,13.02万公里,1.6L,自动
大众 途安 2013款 1.4T 自动舒适版5座,5.80,18.58万公里,1.4T,自动
大众POLO 2016款 1.4L 手动风尚型,4.90,3.2万公里,1.4L,手动
本田 缤智 2017款 1.8L CVT两驱先锋型,12.00,1.81万公里,1.8L,自动
别克 昂科拉 2016款 18T 自动四驱全能旗舰型,7.82,3.46万公里,1.4T,自动
别克 君威 2019款 20T 精英型 国V,13.38,3.18万公里,1.5T,自动
哈弗F7 2019款 1.5T 两驱i潮 国V,10.58,1.34万公里,1.5T,自动
福特 翼搏 2013款 1.5L 自动风尚型,4.70,6.18万公里,1.5L,自动
福特 福克斯 2012款 三厢 1.6L 自动风尚型,5.78,6.57万公里,1.6L,自动
现代 瑞纳 2013款 三厢 1.4L 自动标准型GL,3.38,6.4万公里,1.4L,自动
大众 凌渡 2015款 230TSI DSG风尚版,8.90,4.85万公里,1.4T,自动
宝马X1 2010款 sDrive18i豪华型(进口),10.20,12.59万公里,2.0L,自动
大众 迈腾 2015款 1.8TSI 领先型,11.38,12.14万公里,1.8T,自动
奔驰C级 2008款 C 200K 标准型,6.88,14.93万公里,1.8T,自动
奥迪Q5 2012款 2.0TFSI 技术型,16.80,8.58万公里,2.0T,自动
大众 蔚领 2018款 230TSI DSG舒适型,9.89,2.8万公里,1.4T,自动
大众POLO 2016款 1.6L 自动舒适型,6.85,1.13万公里,1.6L,自动
大众 凌渡 2015款 230TSI DSG风尚版,9.50,9.67万公里,1.4T,自动
丰田 RAV4 2019款 2.0L CVT两驱先锋版 国V,16.80,4.94万公里,2.0L,自动
宝骏360 2018款 1.5L 自动精英型 国V,5.70,3.45万公里,1.5L,自动
三菱 劲炫ASX 2018款 2.0L CVT两驱尊享版,9.68,4.08万公里,2.0L,自动
大众CC 2012款 1.8TSI 豪华型,10.98,16.29万公里,1.8T,自动
本田 雅阁 2010款 2.0L EX,7.28,12.38万公里,2.0L,自动
雪佛兰 迈锐宝 2014款 2.0L 自动舒适版,7.85,5.79万公里,2.0L,自动
福特 福克斯 2019款 三厢 EcoBoost 180 自动ST Line,11.30,3.43万公里,1.5T,自动
大众 速腾 2017款 230TSI 自动舒适型,8.98,6.28万公里,1.4T,自动
奔驰CLS级 2012款 CLS 300 CGI(进口),23.30,9.35万公里,3.5L,自动
奔驰SL级 2013款 SL 350 时尚型(进口),43.50,2.34万公里,3.5L,自动
宝马3系 2011款 320i 时尚型,9.69,9.35万公里,2.0L,自动
丰田 威驰 2014款 1.5L 手动智臻版,4.15,6.12万公里,1.5L,手动
哈弗H6 2016款 升级版 1.5T 自动两驱精英型,5.80,4.86万公里,1.5T,自动
大众 帕萨特 2015款 1.8TSI DSG尊荣版,14.50,3.3万公里,1.8T,自动
日产 奇骏 2014款 2.5L CVT至尊版 4WD,11.80,8万公里,2.5L,自动
本田XR-V 2015款 1.8L EXi  CVT舒适版,11.48,4.39万公里,1.8L,自动
福特 福克斯 2011款 两厢 1.8L 自动时尚型,3.50,6.69万公里,1.8L,自动
奔驰S级 2012款 S 300 L 商务型 Grand Edition(进口),32.50,8.95万公里,3.0L,自动
大众 宝来 2014款 1.4TSI 手动舒适型,5.13,8.75万公里,1.4T,手动
雷克萨斯ES 2018款 260 卓越版 国V,35.58,3.99万公里,2.5L,自动
奔驰GLA级 2015款 GLA 220 4MATIC 时尚型,17.98,7.3万公里,2.0T,自动
宝马3系GT 2019款 320i M运动曜夜版(进口),34.80,2万公里,2.0T,自动
雪佛兰 探界者 2018款 535T 自动驭界版,11.50,2.07万公里,1.5T,自动
雪铁龙 世嘉 2009款 两厢 1.6L 自动舒适天窗型,2.98,14.3万公里,1.6L,自动
日产 轩逸 2020款 1.6L XL CVT悦享版,12.30,2.19万公里,1.6L,自动
本田 奥德赛 2009款 2.4L 豪华版,10.30,10.04万公里,2.4L,自动
大众 凌渡 2015款 230TSI DSG风尚版,9.80,4.78万公里,1.4T,自动
大众 途锐 2011款 3.0TSI 舒适型(进口),19.50,15.54万公里,3.0T,自动
大众 朗行 2013款 1.4TSI 自动舒适型,7.60,6.9万公里,1.4T,自动
大众 高尔夫 2012款 1.4TSI 自动舒适型,6.68,10.88万公里,1.4T,自动
宝马1系 2008款 120i 自动挡(进口),6.68,8.9万公里,2.0L,自动
现代 途胜 2015款 1.6T 双离合两驱智能型,10.60,5.23万公里,1.6T,自动
undefined 起亚K3 2018款 1.6L 自动,7.98,2.19万公里,1.6L,自动
本田 锋范 2017款 1.5L CVT舒适版,7.16,3.04万公里,1.5L,自动
丰田 花冠 2013款 1.6L 自动卓越版,5.68,8.27万公里,1.6L,自动
雷克萨斯RX经典 2013款 270 典雅版,22.89,12.37万公里,2.7L,自动
大众 高尔夫 2011款 1.6 自动舒适型,5.45,18.27万公里,1.6L,自动
别克 英朗 2015款 18T 双离合豪华型,7.30,4.36万公里,1.4T,自动
宝马X1 2013款 sDrive18i 时尚型,11.90,5.64万公里,2.0L,自动
现代 瑞纳 2010款 三厢 1.4L 手动舒适型GS,1.75,13.3万公里,1.4L,手动
福特 野马 2015款 2.3T 性能版(进口),24.68,4.71万公里,2.3T,自动
丰田C-HR 2018款 2.0L 领先版 国V,12.38,3.05万公里,2.0L,自动
宝马5系 2014款 525Li 豪华设计套装,27.00,10.43万公里,2.0T,自动
斯巴鲁 森林人 2013款 2.5i 自动尊贵版,11.58,13.34万公里,2.5L,自动
哈弗H5 2013款 智尊版 2.0T手动四驱精英型,5.88,5.75万公里,2.0T,手动
MINI Countryman 2011款 1.6T COOPER S ALL4,13.30,7.82万公里,1.6T,自动
别克 英朗 2017款 15N 自动进取型,7.00,3.22万公里,1.5L,自动
福特 经典全顺 2.8柴油手动6座,8.80,6.32万公里,2.8L,手动
